In.union,Catalog.ID,Country,ISO.code,Age..range,Source.name,Data.series.type,Note.on.data,Note.on.methods,Note.on.country,Note.on.population,Contraceptive.use.ANY,Contraceptive.use.MODERN,Contraceptive.use.TRADITIONAL,Unmet,GEO.biases..unknown.direction.,Non.pregnant.and.other.positive.biases,Negative.bias,Population.type,age.cat.bias,Modern.method.bias,Folk.method.positive.bias,Absence.of.probing.questions.bias...1,Start.year,End.year,EXCLUDE1isyes,SE.logR.modern.nouse,SE.logR.trad.nouse,SE.logR.unmet.noneed,SE.modern,SE.trad,SE.unmet
1,160,Afghanistan,4,15-44,Afghanistan 1972-1974 National Demographic and Family Guidance Survey,National survey,NA,NA,NA,NA,1.6,1.6,NA,NA,NA,NA,NA,EM,?,NA,NA,0,1972,1974.997314,0,NA,NA,NA,NA,NA,NA
0,1681,Albania,8,15-44,Albania 2002 Reproductive Health Survey,RHS,Estimated from data reported for never married women and formerly married women.,NA,NA,NA,4.43556582,1.086374134,3.349191686,NA,NA,NA,NA,UW,?,NA,NA,0,2002.580811,2002.997314,0,NA,NA,NA,NA,NA,NA
1,1681,Albania,8,15-44,Albania 2002 Reproductive Health Survey,RHS,NA,NA,NA,NA,75.1,8,67.1,NA,NA,NA,NA,MW,?,NA,NA,0,2002.580811,2002.997314,0,NA,NA,NA,NA,NA,NA
1,32,Algeria,12,15-49,Algeria 1992 Enquête sur la santé de la mère et de l'enfant,PAPCHILD,NA,NA,NA,NA,50.7,42.9,7.8,NA,NA,NA,NA,MW,0,NA,NA,0,1992.416382,1992.580811,0,NA,NA,NA,NA,NA,NA
0,1937,Angola,24,15-49,Angola 2001 Multiple Indicator Cluster Survey,MICS,NA,NA,NA,NA,6.922845684,5.285015604,1.637830081,NA,NA,NA,NA,UW,0,NA,NA,1,2001.246582,2001.830078,0,0.097751355,0.242048589,NA,0.00401445,0.003588576,0
1,1908,Angola,24,15-50,Angola 1996 Multiple Indicator Cluster Survey,MICS,NA,Traditional methods include folk methods.,NA,Data pertain to non-pregnant women.,8.1,4.0257,4.0743,NA,NA,+,NA,MW,0,NA,Including folk methods.,1,1996.583618,1997,0,NA,NA,NA,NA,NA,NA
1,3293,Anguilla,660,15-44,Anguilla 2003 Reproductive Health Survey,National survey,NA,NA,NA,NA,43,NA,NA,NA,NA,NA,NA,AL,?,NA,NA,0,2003,2004,0,NA,NA,NA,NA,NA,NA
1,2707,Antigua and Barbuda,28,15-44,Antigua and Barbuda 1981 Contraceptive Prevalence Survey,CPS,NA,NA,NA,Data pertain to women exposed to the risk of pregnancy.,48.2,44.6,2.4,NA,NA,+,NA,MW,?,NA,NA,0,1981,1982,0,NA,NA,NA,NA,NA,NA
0,6003,Argentina,32,15-49,Argentina 2013 Encuesta Nacional sobre Salud Sexual y Reproductiva,National survey,NA,NA,"Data pertain to urban centers with 2,000 or more people.",NA,43.16097673,42.91462274,0.246353992,NA,"Data pertain to urban centers with 2,000 or more people.",NA,NA,UW,0,NA,NA,0,2013.328735,2013.493164,0,NA,NA,NA,NA,NA,NA
1,2906,Argentina,32,15-49,Argentina 2001 Encuesta de Condiciones de Vida,National survey,NA,NA,NA,Data pertain to sexually active women of reproductive age.,65.3,63.8,13.3,NA,NA,NA,NA,SA,0,NA,NA,0,2001,2002,0,NA,NA,NA,NA,NA,NA
0,1843,Armenia,51,15-49,Armenia 2005 Demographic and Health Survey,DHS,NA,NA,NA,NA,0.848916182,0.652621262,0.19629492,0.557196821,NA,NA,NA,UW,0,NA,NA,0,2005.665771,2005.997314,0,0.354922773,0.530470213,0.493383455,0.002301367,0.001039367,0.002731
1,1843,Armenia,51,15-49,Armenia 2005 Demographic and Health Survey,DHS,NA,NA,NA,NA,53.06841694,19.47972704,33.5886899,19.34117881,NA,NA,NA,MW,0,NA,NA,0,2005.665771,2005.997314,0,0.063227948,0.051540404,0.06321745,0.008805317,0.010174037,0.009459245
0,5603,Australia,36,18-44,Australia 2005-2006 HILDA,National survey,NA,NA,NA,NA,48.226,48.046,0.18,NA,NA,NA,NA,UW,+,NA,NA,0,2005.643799,2006.186279,0,NA,NA,NA,NA,NA,NA
1,2757,Australia,36,20-49,Australia 1986 Family Project,Survey,NA,NA,NA,NA,76.1,72.2,3.9,NA,NA,NA,NA,MW,+,NA,NA,0,1986,1987,0,NA,NA,NA,NA,NA,NA
0,6025,Austria,40,18-49,Austria 2012-2013 Generations and Gender Survey,GGS,NA,Modern methods include some cases of sterilisation for non-contraceptive reasons.,NA,NA,59.00479994,57.36849957,1.636300368,NA,NA,NA,NA,UW,+,+,NA,0,2012.726074,2013.400024,0,NA,NA,NA,NA,NA,NA
1,2848,Austria,40,20-49,Austria 1995-1996 Fertility and Family Survey,FFS,NA,NA,NA,NA,51.03079411,46.8325548,4.19823931,NA,NA,NA,NA,MW,+,NA,NA,0,1995.915039,1996.413696,0,NA,NA,NA,NA,NA,NA
0,1670,Azerbaijan,31,15-44,Azerbaijan 2001 Reproductive Health Survey,RHS,Estimated from data reported for never married women and formerly married women.,NA,NA,NA,0.322244251,0.2148295,0.10741475,NA,NA,NA,NA,UW,?,NA,NA,0,2001.246582,2001.578125,0,NA,NA,NA,NA,NA,NA
1,179,Azerbaijan,31,15-49,Azerbaijan 2006 Demographic and Health Survey,DHS,NA,NA,NA,NA,51.13138901,14.28765423,36.84373478,15.40406,NA,NA,NA,MW,0,NA,NA,0,2006.49585,2006.912354,0,0.063018527,0.050775299,0.053042072,0.006937499,0.010738062,0.007025425
1,2777,Bahamas,44,15-44,Bahamas 1988 IPPF-WHR Caribbean Contraceptive Prevalence Survey,CCPS,NA,NA,NA,Data pertain to fecund women.,61.73,60.12502,1.60498,NA,NA,+,NA,MW,?,NA,NA,0,1988,1989,0,NA,NA,NA,NA,NA,NA
1,145,Bahrain,48,15-49,Bahrain 1989 Child Health Survey,GCHS,NA,NA,Data pertain to nationals of the country.,NA,53.8,30.3,23.5,NA,Data pertain to nationals of the country.,NA,NA,MW,0,NA,NA,0,1989,1990,0,NA,NA,NA,NA,NA,NA
0,1813,Bangladesh,50,15-49,Bangladesh 2004 Demographic and Health Survey,Survey,Estimated from formerly married women data on current contraceptive use and marital status proportions.,Unmarried/Not-in-union data pertain to female sterilisation only.,NA,NA,1.185,1.185,NA,NA,NA,NA,NA,FM,0,-,NA,0,2004,2004.413696,0,0.166165553,NA,NA,0.00899584,0,0
1,161,Bangladesh,50,Oct-49,Bangladesh 1989 Contraceptive Prevalence Survey,National survey,NA,NA,NA,NA,31.4,24.5,7,NA,NA,NA,NA,MW,?,NA,NA,0,1989.161621,1989.49585,0,NA,NA,NA,NA,NA,NA
0,108,Barbados,52,15-49,Barbados 1980-1981 Contraceptive Prevalence Survey,CPS,Estimated from data reported for all women and married/in-union women.,NA,NA,NA,10.4,10.1296,0.2704,NA,NA,NA,NA,UW,0,NA,NA,0,1980,1982,0,NA,NA,NA,NA,NA,NA
1,108,Barbados,52,15-49,Barbados 1980-1981 Contraceptive Prevalence Survey,CPS,NA,NA,NA,NA,46.54334909,44.6240093,1.91933979,NA,NA,NA,NA,MW,0,NA,NA,0,1980,1982,0,NA,NA,NA,NA,NA,NA
0,666,Belarus,112,15-49,Belarus 2005 Multiple Indicator Cluster Survey,MICS,NA,NA,NA,NA,25.9285171,23.73161992,2.19689718,NA,NA,NA,NA,UW,0,NA,NA,1,2005.832886,2005.997314,0,0.083780392,0.210282015,NA,0.014425686,0.004287998,0
1,666,Belarus,112,15-49,Belarus 2005 Multiple Indicator Cluster Survey,MICS,NA,NA,NA,NA,72.60969384,57.03718174,15.5725121,NA,NA,NA,NA,MW,0,NA,NA,1,2005.832886,2005.997314,0,0.052566234,0.093792284,NA,0.012042544,0.01120288,0
0,5427,Belgium,56,18-49,Belgium 2008-2010 Generations and Gender Survey,GGS,Contraceptive use questions were asked only among women with a partner.,Modern methods include some cases of sterilisation for non-contraceptive reasons.,NA,NA,35.1,35,0.2,NA,NA,NA,NA,PW,+,+,NA,0,2008.084961,2010.411011,0,NA,NA,NA,NA,NA,NA
1,2725,Belgium,56,20-44,"Belgium 1982-1983 Fourth Survey on Family Development, NEGO-IV",National survey,NA,Modern methods include some cases of sterilisation for non-contraceptive reasons.,Data pertain to the Flemish population only.,NA,81,63.18,17.82,NA,Data pertain to the Flemish population only.,NA,NA,MW,+,+,NA,0,1982,1984,0,NA,NA,NA,NA,NA,NA
0,779,Belize,84,15-44,Belize 1991 Family Health Survey,RHS,Estimated from data reported for never married women and formerly married women.,NA,NA,NA,11.51909212,10.95981308,0.559279039,NA,NA,NA,NA,UW,?,NA,NA,0,1991.03833,1991.134277,0,NA,NA,NA,NA,NA,NA
1,154,Belize,84,15-44,Belize 1999 Family Health Survey,RHS,NA,NA,NA,NA,56.1,50.95,5.15,20.8,NA,NA,NA,MW,?,NA,NA,0,1999.827393,1999.950684,0,NA,NA,NA,NA,NA,NA
0,694,Benin,204,15-49,Benin 2006 Demographic and Health Survey,DHS,NA,NA,NA,NA,17.68716431,8.987825239,8.69933907,6.003300028,NA,NA,NA,UW,0,NA,NA,0,2006.580811,2006.912354,0,0.064344585,0.064320663,0.074726886,0.003627094,0.003588537,0.002694132
1,694,Benin,204,15-49,Benin 2006 Demographic and Health Survey,DHS,NA,NA,NA,NA,17.01408854,6.149999212,10.86408932,27.28751069,NA,NA,NA,MW,0,NA,NA,0,2006.580811,2006.912354,0,0.044125428,0.042179746,0.024153591,0.002496845,0.004026756,0.004735472
0,4989,Bhutan,64,15-49,Bhutan 2010 Multiple Indicator Survey,MICS,NA,NA,NA,NA,3.437670149,3.437670149,0,NA,NA,NA,NA,UW,0,NA,NA,1,2010.246582,2010.643799,0,0.1114431,NA,0.140948536,0.003480536,0,0.002218898
1,39,Bhutan,64,15-49,Bhutan 1994 National Health Survey,National survey,NA,NA,NA,NA,18.8,18.8,NA,NA,NA,NA,NA,AL,0,NA,NA,0,1994.328735,1994.493164,0,NA,NA,NA,NA,NA,NA
0,1766,Bolivia (Plurinational State of),68,15-49,Bolivia 1998 Demographic and Health Survey,DHS,NA,NA,NA,NA,6.587294048,3.662796795,2.924497253,3.009704731,NA,NA,NA,UW,0,NA,NA,0,1998.161621,1998.745239,0,0.107835863,0.108157423,0.104081041,0.002523813,0.00244224,0.002286255
1,1766,Bolivia (Plurinational State of),68,15-49,Bolivia 1998 Demographic and Health Survey,DHS,NA,NA,NA,NA,48.32966455,25.21416154,23.11550301,26.5551806,NA,NA,NA,MW,0,NA,NA,0,1998.161621,1998.745239,0,0.041257076,0.039616034,0.039987399,0.007246148,0.006501171,0.006754971
0,2296,Bosnia and Herzegovina,70,15-49,Bosnia and Herzegovina 2006 Multiple Indicator Cluster Survey,MICS,NA,NA,NA,NA,7.555760685,5.539778229,2.015982455,NA,NA,NA,NA,UW,0,NA,NA,1,2006.367065,2006.520508,0,0.177086539,0.297221051,NA,0.009159463,0.005838607,0
1,2296,Bosnia and Herzegovina,70,15-49,Bosnia and Herzegovina 2006 Multiple Indicator Cluster Survey,MICS,NA,NA,NA,NA,35.7088405,11.28308818,24.42575232,NA,NA,NA,NA,MW,0,NA,NA,1,2006.367065,2006.520508,0,0.096961955,0.093590159,NA,0.008905269,0.016145836,0
0,1803,Botswana,72,15-49,Botswana 1988 Demographic and Health Survey,DHS,Estimated from data reported for all women and married/in-union women.,NA,NA,NA,27.58105263,27.29473684,0.286315789,NA,NA,NA,NA,UW,0,NA,NA,0,1988.583618,1989,0,NA,NA,NA,NA,NA,NA
1,113,Botswana,72,15-49,Botswana 1996 Family Health Survey III,National survey,NA,NA,NA,NA,41.7,NA,NA,NA,NA,NA,NA,AL,0,NA,NA,0,1996,1997,0,NA,NA,NA,NA,NA,NA
0,1868,Brazil,76,15-49,Brazil 1996 Demographic and Health Survey,DHS,NA,NA,NA,NA,23.16467982,21.95553422,1.209145597,4.98923249,NA,NA,NA,UW,0,NA,NA,0,1996.164429,1996.49585,0,0.043038143,0.142030721,0.076690782,0.006834112,0.001553659,0.00348735
1,1868,Brazil,76,15-49,Brazil 1996 Demographic and Health Survey,DHS,NA,NA,NA,NA,76.73561122,70.27654811,6.459063103,10.84937003,NA,NA,NA,MW,0,NA,NA,0,1996.164429,1996.49585,0,0.033630185,0.061979748,0.05204486,0.006788663,0.003613858,0.004164342
0,2851,Bulgaria,100,15-44,Bulgaria 1995 Women in the Transition Survey,National survey,NA,NA,NA,NA,49.9,29.9,20,NA,NA,NA,NA,UW,?,NA,NA,0,1995,1996,0,NA,NA,NA,NA,NA,NA
1,2851,Bulgaria,100,15-44,Bulgaria 1995 Women in the Transition Survey,National survey,NA,NA,NA,NA,85.9,45.6,40.3,NA,NA,NA,NA,MW,?,NA,NA,0,1995,1996,0,NA,NA,NA,NA,NA,NA
0,136,Burkina Faso,854,15-49,Burkina Faso 2006 Multiple Indicator Cluster Survey,MICS,NA,NA,NA,NA,13.06135735,11.96555768,1.095799669,NA,NA,NA,NA,UW,0,NA,NA,1,2006.238403,2006.449341,0,0.118066186,0.389613896,NA,0.009906308,0.002784202,0
1,136,Burkina Faso,854,15-49,Burkina Faso 2006 Multiple Indicator Cluster Survey,MICS,NA,NA,NA,NA,17.47090032,14.3290945,3.141805827,NA,NA,NA,NA,MW,0,NA,NA,1,2006.238403,2006.449341,0,0.103072659,0.208926326,NA,0.011907709,0.00598999,0
0,148,Burundi,108,15-49,Burundi 2005 Multiple Indicator Cluster Survey,MICS,NA,NA,NA,NA,0.920674976,0.851618341,0.0691,NA,NA,NA,NA,UW,0,NA,NA,1,2005.715088,2005.997314,0,0.203587105,0.631737572,NA,0.001687917,0.000435749,0
1,148,Burundi,108,15-49,Burundi 2005 Multiple Indicator Cluster Survey,MICS,NA,NA,NA,NA,9.107053278,7.821634964,1.285418314,NA,NA,NA,NA,MW,0,NA,NA,1,2005.715088,2005.997314,0,0.066677611,0.149791972,NA,0.004798852,0.001897048,0
0,1778,Cote d'Ivoire,384,15-49,Côte d'Ivoire 1998-1999 Demographic and Health Survey,DHS,NA,NA,NA,NA,29.69654779,13.89287678,15.80367101,11.25395384,NA,NA,NA,UW,0,NA,NA,0,1998.665771,1999.243896,0,0.091578704,0.104766392,0.134239194,0.010325472,0.013005848,0.012062097
1,142,Cote d'Ivoire,384,15-49,Côte d'Ivoire 1980-1981 World Fertility Survey,Survey,NA,NA,NA,NA,2.9,0.5,2.4,NA,NA,NA,NA,MW,0,NA,NA,0,1980,1982,0,NA,NA,NA,NA,NA,NA
0,155,Cabo Verde,132,15-49,Cape Verde 1998 Demographic and Reproductive Health Survey,RHS,Estimated from data reported for all women and married/in-union women.,NA,NA,NA,20.63930088,19.25220516,1.38709572,NA,NA,NA,NA,UW,0,NA,NA,0,1998.161621,1998.662964,0,NA,NA,NA,NA,NA,NA
1,155,Cabo Verde,132,15-49,Cape Verde 1998 Demographic and Reproductive Health Survey,RHS,NA,NA,NA,NA,52.9,46,6.9,14.2,NA,NA,NA,MW,0,NA,NA,0,1998.161621,1998.662964,0,NA,NA,NA,NA,NA,NA
0,172,Cambodia,116,15-49,Cambodia 1998 National Health Survey,National survey,Estimated from data reported for all women and married/in-union women.,Traditional methods include folk methods.,NA,NA,0.231992019,0.200896087,0.0311,NA,NA,NA,NA,UW,0,NA,Including folk methods.,0,1998.328735,1998.578125,0,NA,NA,NA,NA,NA,NA
1,172,Cambodia,116,15-49,Cambodia 1998 National Health Survey,National survey,NA,Traditional methods include folk methods.,NA,NA,21.8,16.1,5.7,NA,NA,NA,NA,MW,0,NA,Including folk methods.,0,1998.328735,1998.578125,0,NA,NA,NA,NA,NA,NA
0,1674,Cameroon,120,15-49,Cameroon 1998 Demographic and Health Survey,DHS,NA,NA,NA,NA,33.36532547,9.857512817,23.50781265,7.86112345,NA,NA,NA,UW,0,NA,NA,0,1998.084961,1998.493164,0,0.095475539,0.083349424,0.101556478,0.007107224,0.013199688,0.007103332
1,776,Cameroon,120,15-54,Cameroon 1978 World Fertility Survey,WFS,NA,NA,NA,NA,2.2,NA,NA,NA,NA,NA,NA,MW,-,NA,NA,0,1978,1979,0,NA,NA,NA,NA,NA,NA
0,2740,Canada,124,18-49,Canada 1984 Fertility Survey,National survey,Estimated from data reported for all women and married/in-union women.,NA,NA,NA,60.80644685,58.91793809,1.88850876,NA,NA,NA,NA,UW,+,NA,NA,0,1984,1985,0,NA,NA,NA,NA,NA,NA
1,2740,Canada,124,18-49,Canada 1984 Fertility Survey,National survey,NA,NA,NA,NA,73.1,70.6146,2.5585,NA,NA,NA,NA,MW,+,NA,NA,0,1984,1985,0,NA,NA,NA,NA,NA,NA
0,1732,Central African Republic,140,15-49,Central African Republic 1994-1995 Demographic and Health Survey,DHS,NA,NA,NA,NA,12.49875589,4.002171901,8.496583985,8.541731196,NA,NA,NA,UW,0,NA,NA,0,1994.665771,1995.243896,0,0.124908237,0.114619905,0.089464128,0.004695562,0.008801796,0.006759484
1,54,Central African Republic,140,15-49,Central African Republic 2006 Multiple Indicator Cluster Survey,MICS,NA,NA,NA,NA,19.01581185,10.23191238,8.783899466,NA,NA,NA,NA,MW,0,NA,NA,1,2006.49585,2006.852051,0,0.059402157,0.075701079,NA,0.005400289,0.006011835,0
0,1675,Chad,148,15-49,Chad 1996-1997 Demographic and Health Survey,DHS,NA,NA,NA,NA,3.071984949,1.469028133,1.602956817,4.435002203,NA,NA,NA,UW,0,NA,NA,0,1996.917847,1997.578125,0,0.181619366,0.173745355,0.127905115,0.002604901,0.002732359,0.005395912
1,1675,Chad,148,15-49,Chad 1996-1997 Demographic and Health Survey,DHS,NA,NA,NA,NA,4.139537002,1.162910316,2.976626686,17.42601905,NA,NA,NA,MW,0,NA,NA,0,1996.917847,1997.578125,0,0.115726014,0.114747299,0.048040527,0.001329955,0.003313387,0.006671873
0,7494,Chile,152,15-49,Chile 2015-2016 Encuesta Nacional de Calidad de Vida y Salud,National survey,NA,NA,NA,NA,52.96294016,50.49045,2.472490167,NA,NA,NA,NA,UW,0,NA,NA,0,2015.832886,2016.082153,0,NA,NA,NA,NA,NA,NA
1,2911,Chile,152,15-44,Chile 2001 Encuesta Nacional de Calidad de Vida y Salud,National survey,NA,NA,NA,NA,60.65501192,58.20575433,2.349257589,NA,NA,NA,NA,AL,?,NA,NA,0,2001,2002,0,NA,NA,NA,NA,NA,NA
1,140,China,156,15-49,China 1988 National Two-per-Thousand-Population Sample Survey on Fertility and Contraceptives,National survey,NA,NA,NA,NA,71.1,69.9,1.2,NA,NA,NA,NA,EM,0,NA,NA,0,1988.498657,1988.536987,0,NA,NA,NA,NA,NA,NA
1,2726,"China, Hong Kong SAR",344,15-49,"China, Hong Kong (SAR) 1982 Family Planning Knowledge, Attitude and Practice",National survey,NA,NA,NA,NA,72.3,NA,NA,NA,NA,NA,NA,MW,0,NA,NA,0,1982,1983,0,NA,NA,NA,NA,NA,NA
0,1712,Colombia,170,15-49,Colombia 1986 Demographic and Health Survey,DHS,NA,NA,NA,NA,9.195521393,8.340463174,0.85505822,NA,NA,NA,NA,UW,0,NA,NA,0,1986.665771,1986.997314,0,NA,NA,NA,NA,NA,NA
1,4,Colombia,170,15-49,Colombia 1980 Encuesta Nacional de Hogares,CPS,NA,NA,NA,NA,48.5,41,7.6,NA,NA,NA,NA,MW,0,NA,NA,0,1980,1981,0,NA,NA,NA,NA,NA,NA
0,1707,Comoros,174,15-49,Comoros 1996 Demographic and Health Survey,DHS,NA,NA,NA,NA,5.579096045,3.601694915,1.97740113,2.966101695,NA,NA,NA,UW,0,NA,NA,0,1996.164429,1996.413696,0,0.209592238,0.265262587,0.154470701,0.007237916,0.005110935,0.00444052
1,1707,Comoros,174,15-49,Comoros 1996 Demographic and Health Survey,DHS,NA,NA,NA,NA,20.99143207,11.38310894,9.608323133,35.55691554,NA,NA,NA,MW,0,NA,NA,0,1996.164429,1996.413696,0,0.091864515,0.093259378,0.07314655,0.009130342,0.007972381,0.015161406
0,1709,Congo,178,15-49,Congo 2005 Demographic and Health Survey,DHS,NA,NA,NA,NA,43.89348304,14.61117117,29.28231187,8.729515526,NA,NA,NA,UW,0,NA,NA,0,2005.49585,2005.912354,0,0.078581484,0.060694058,0.083277606,0.009463168,0.012131533,0.006514044
1,1709,Congo,178,15-49,Congo 2005 Demographic and Health Survey,DHS,NA,NA,NA,NA,44.27477943,12.65123605,31.62354337,19.52077671,NA,NA,NA,MW,0,NA,NA,0,2005.49585,2005.912354,0,0.07101341,0.052066466,0.065218748,0.007247255,0.010421315,0.008365093
0,4966,Cook Islands,184,15-49,Cook Islands 1999 Reproductive Health Knowledge and Services,National survey,Estimated from data reported for never married women and formerly married women.,NA,NA,NA,40.89090909,NA,NA,NA,NA,NA,NA,UW,0,NA,NA,0,1999,2000,0,NA,NA,NA,NA,NA,NA
1,2865,Cook Islands,184,15-49,Cook Islands 1996 KAP Survey,National survey,NA,NA,NA,NA,63.2,60.4,6.1,19.3,NA,NA,NA,MW,0,NA,NA,0,1996,1997,0,NA,NA,NA,NA,NA,NA
0,4993,Costa Rica,188,15-49,Costa Rica 2011 Multiple Indicator Cluster Survey,MICS,NA,NA,NA,NA,36.43736734,36.26637365,0.170993688,NA,NA,NA,NA,UW,0,NA,NA,1,2011.734253,2011.904053,0,0.076344078,0.465745781,0.114078407,0.01413388,0.000791384,0.007306295
1,42,Costa Rica,188,15-49,Costa Rica 1986 Encuesta de Fecundidad y Salud,RHS,NA,NA,NA,NA,69,58,11,NA,NA,NA,NA,MW,0,NA,NA,0,1986,1987,0,NA,NA,NA,NA,NA,NA
1,3074,Croatia,191,15-44,Croatia 1970 Yugoslavia Fertility Survey,Survey,NA,Data pertain to methods used during  the last two months.,NA,NA,58,7,51,NA,NA,NA,NA,AL,?,NA,NA,0,1970,1971,0,NA,NA,NA,NA,NA,NA
0,4994,Cuba,192,15-49,Cuba 2010-2011 Multiple Indicator Cluster Survey,MICS,NA,NA,NA,NA,64.73634213,64.07318297,0.663159158,NA,NA,NA,NA,UW,0,NA,NA,1,2010.832886,2011.32605,0,0.078637104,0.440244118,0.174258742,0.01722744,0.002489572,0.006900468
1,118,Cuba,192,15-49,Cuba 1987 Encuesta Nacional de Fecundidad,Survey,NA,NA,NA,NA,70,67,2,NA,NA,NA,NA,MW,0,NA,NA,0,1987.832886,1987.915039,0,NA,NA,NA,NA,NA,NA
0,2829,Czechia,203,15-44,Czech Republic 1993 Reproductive Health Survey,RHS,Estimated from data reported for never married women and formerly married women.,NA,NA,NA,39.71875,27.54648437,12.17226563,NA,NA,NA,NA,UW,?,NA,NA,0,1993.084961,1993.493164,0,NA,NA,NA,NA,NA,NA
1,2806,Czechia,203,15-44,"Czech Republic 1991 Survey on Knowledge, Attitudes and Practice with Regard to Contraceptive Use",Survey,NA,NA,NA,Data pertain to sexually active women of reproductive age.,78,53,25,NA,NA,NA,NA,SA,?,NA,NA,0,1991,1992,0,NA,NA,NA,NA,NA,NA
1,2807,Dem. People's Rep. of Korea,408,15-49,Democratic People's Republic of Korea 1990-1992 The Basic Study on Contraceptive Methods among Women in our Country,Survey,NA,NA,NA,NA,61.9,53,8.9,NA,NA,NA,NA,MW,0,NA,NA,0,1990,1993,0,NA,NA,NA,NA,NA,NA
0,1888,Dem. Rep. of the Congo,180,15-49,Democratic Republic of the Congo 2007 Demographic and Health Survey,DHS,NA,NA,NA,NA,18.93101683,8.35267535,10.57834148,10.12010334,NA,NA,NA,UW,0,NA,NA,0,2007,2007.662964,0,0.145277593,0.117798172,0.129183489,0.010839452,0.010808941,0.011105616
1,1888,Dem. Rep. of the Congo,180,15-49,Democratic Republic of the Congo 2007 Demographic and Health Survey,DHS,NA,NA,NA,NA,20.64960345,5.789838751,14.8597647,26.90992124,NA,NA,NA,MW,0,NA,NA,0,2007,2007.662964,0,0.120235853,0.078638922,0.061298968,0.006428794,0.009751356,0.010572554
1,2780,Denmark,208,15-44,Denmark 1988 Contraception Survey,National survey,NA,NA,NA,Data pertain to sexually active women of reproductive age.,92,89,3,NA,NA,NA,NA,SA,?,NA,NA,0,1988,1989,0,NA,NA,NA,NA,NA,NA
1,167,Djibouti,262,15-49,Djibouti 2002 Family Health Survey,Survey,NA,NA,NA,NA,9,5.8,2.8,NA,NA,NA,NA,MW,0,NA,NA,0,2002.747925,2002.953369,0,NA,NA,NA,NA,NA,NA
1,2714,Dominica,212,15-44,Dominica 1981 Contraceptive Prevalence Survey,CPS,NA,NA,NA,Data pertain to women exposed to the risk of pregnancy.,62.3,57.5,2.3,NA,NA,+,NA,MW,?,NA,NA,0,1981,1983,0,NA,NA,NA,NA,NA,NA
0,49,Dominican Republic,214,15-49,Dominican Republic 2007 Demographic and Health Survey,DHS,NA,NA,NA,NA,29.26447545,28.21807761,1.046397835,5.389803885,NA,NA,NA,UW,0,NA,NA,0,2007.161621,2007.660278,0,0.03597341,0.147333834,0.069305781,0.007342316,0.001539686,0.003468757
1,49,Dominican Republic,214,15-49,Dominican Republic 2007 Demographic and Health Survey,DHS,NA,NA,NA,NA,72.88153905,70.03422061,2.847318432,11.14731081,NA,NA,NA,MW,0,NA,NA,0,2007.161621,2007.660278,0,0.027023677,0.083929082,0.046492854,0.005688394,0.002310204,0.003644253
0,7,Ecuador,218,15-49,Ecuador 1999 Encuesta Demográfica y de Salud Materna e Infantil,RHS,Estimated from data reported for never married women and formerly married women.,NA,NA,NA,9.146715496,7.473849851,1.672865644,NA,NA,NA,NA,UW,0,NA,NA,0,1999.246582,1999.745239,0,NA,NA,NA,NA,NA,NA
1,7,Ecuador,218,15-49,Ecuador 1999 Encuesta Demográfica y de Salud Materna e Infantil,RHS,NA,NA,NA,NA,66.3,51.7,14.8,10,NA,NA,NA,MW,0,NA,NA,0,1999.246582,1999.745239,0,NA,NA,NA,NA,NA,NA
0,778,Egypt,818,15-49,Egypt 2003 Demographic and Health Survey (Interim),Survey,Estimated from formerly married women data on current contraceptive use and marital status proportions.,Unmarried/Not-in-union data pertain to female sterilisation only.,NA,NA,0.115,0.115,NA,NA,NA,NA,NA,FM,0,-,NA,0,2003.328735,2003.493164,0,0.460766089,NA,NA,0.001349238,0,0
1,22,Egypt,818,<44,Egypt 1980 World Fertility Survey,Survey,NA,NA,NA,Data pertain to women exposed to the risk of pregnancy.,31.4,29.7,1.8,NA,NA,+,NA,MW,?,NA,NA,0,1980,1981,0,NA,NA,NA,NA,NA,NA
0,48,El Salvador,222,15-44,El Salvador 2002-2003 Encuesta Nacional de Salud Familiar,RHS,Estimated from data reported for never married women and formerly married women.,NA,NA,NA,19.28565551,17.62216127,1.66349424,NA,NA,NA,NA,UW,?,NA,NA,0,2002.832886,2003.493164,0,NA,NA,NA,NA,NA,NA
1,48,El Salvador,222,15-44,El Salvador 2002-2003 Encuesta Nacional de Salud Familiar,RHS,NA,NA,NA,NA,67.3,61.9,5.5,8.9,NA,NA,NA,MW,?,NA,NA,0,2002.832886,2003.493164,0,NA,NA,NA,NA,NA,NA
0,5052,Equatorial Guinea,226,15-49,Equatorial Guinea 2011 Demographic and Health Survey,DHS,Estimated from data reported for all women and married/in-union women.,NA,NA,NA,15.14267425,12.90547653,2.237197724,NA,NA,NA,NA,UW,0,NA,NA,0,2011.49585,2011.912354,0,NA,NA,NA,NA,NA,NA
1,1921,Equatorial Guinea,226,15-49,Equatorial Guinea 2000 Multiple Indicator Cluster Survey,MICS,NA,NA,NA,NA,8.633404324,5.575951546,3.057452778,NA,NA,NA,NA,MW,0,NA,NA,1,2000,2001,0,NA,NA,NA,NA,NA,NA
0,1835,Eritrea,232,15-49,Eritrea 1995 Demographic and Health Survey,DHS,NA,NA,NA,NA,1.708666321,1.187691392,0.520974929,0.901805423,NA,NA,NA,UW,0,NA,NA,0,1995.665771,1996.082153,0,NA,NA,NA,NA,NA,NA
1,1835,Eritrea,232,15-49,Eritrea 1995 Demographic and Health Survey,DHS,NA,NA,NA,NA,7.953519979,3.986109951,3.967410028,29.67694176,NA,NA,NA,MW,0,NA,NA,0,1995.665771,1996.082153,0,NA,NA,NA,NA,NA,NA
1,2836,Estonia,233,20-49,Estonia 1994 Fertility and Family Survey,FFS,NA,NA,NA,NA,61.14225111,43.94953815,17.19271297,NA,NA,NA,NA,MW,+,NA,NA,0,1994,1994.662964,0,NA,NA,NA,NA,NA,NA
0,1695,Eswatini,748,15-49,Swaziland 2006-2007 Demographic and Health Survey,DHS,NA,NA,NA,NA,28.87668362,28.28019459,0.59648903,10.76143041,NA,NA,NA,UW,0,NA,NA,0,2006.49585,2007.158936,0,0.054261128,0.261874213,0.07276604,0.010948855,0.001541847,0.006807619
1,1695,Eswatini,748,15-49,Swaziland 2006-2007 Demographic and Health Survey,DHS,NA,NA,NA,NA,50.6410979,47.70350364,2.937594258,24.7412272,NA,NA,NA,MW,0,NA,NA,0,2006.49585,2007.158936,0,0.049735683,0.149007079,0.075024702,0.012247135,0.004193558,0.010347501
0,1694,Ethiopia,231,15-49,Ethiopia 2000 Demographic and Health Survey,DHS,NA,NA,NA,NA,2.13038909,1.801052922,0.329336168,3.811989425,NA,NA,NA,UW,0,NA,NA,0,2000.084961,2000.413696,0,0.156252862,0.193435758,0.107574723,0.002763003,0.000634594,0.003935773
1,184,Ethiopia,231,15-49,Ethiopia 1990 National Fertility and Family Survey,National survey,NA,Traditional methods include folk methods.,"Excluding Eritrea, Tigray, Asseb, Ogaden, parts of Gondar and Wello and nomadic populations.",Data pertain to non-pregnant women.,4.8,2.9,1.9,NA,"Excluding Eritrea, Tigray, Asseb, Ogaden, parts of Gondar and Wello and nomadic populations.",+,NA,MW,0,NA,Including folk methods.,0,1990,1991,0,NA,NA,NA,NA,NA,NA
1,3088,Fiji,242,15-49,Fiji 1974 World Fertility Survey,WFS,NA,NA,NA,NA,40.9,35,6,NA,NA,NA,NA,MW,0,NA,NA,0,1974,1975,0,NA,NA,NA,NA,NA,NA
0,3092,Finland,246,18-49,Finland 1999 Sex Survey,National survey,NA,NA,NA,NA,72.45179063,67.21763085,5.23415978,NA,NA,NA,NA,UW,+,NA,NA,0,1999,2000,0,NA,NA,NA,NA,NA,NA
1,2794,Finland,246,25-49,Finland 1989-1990 Fertility and Family Survey,FFS,NA,Modern methods include some cases of sterilisation for non-contraceptive reasons.,NA,NA,77.42221826,75.4025321,2.019686163,NA,NA,NA,NA,MW,+,+,NA,0,1989.49585,1990.082153,0,NA,NA,NA,NA,NA,NA
0,3095,France,250,20-44,France 1977-1978 World Fertility Survey,WFS,Estimated from data reported for all women and married/in-union women.,NA,NA,NA,52.10528736,41.46275862,10.64252874,NA,NA,NA,NA,UW,+,NA,NA,0,1977.915039,1978.997314,0,NA,NA,NA,NA,NA,NA
1,2781,France,250,20-44,France 1988 Enquête sur la Régulation des Naissances (ERN),Survey,NA,NA,NA,NA,81.2,66.6,14.6,NA,NA,NA,NA,MW,+,NA,NA,0,1988,1989,0,NA,NA,NA,NA,NA,NA
0,1737,Gabon,266,15-49,Gabon 2000 Demographic and Health Survey,DHS,NA,NA,NA,NA,38.92161238,18.01315435,20.90845803,13.40049129,NA,NA,NA,UW,0,NA,NA,0,2000.498657,2001.082153,0,0.075155141,0.056375113,0.072708335,0.010594092,0.008780325,0.008332295
1,1737,Gabon,266,15-49,Gabon 2000 Demographic and Health Survey,DHS,NA,NA,NA,NA,32.74721094,13.39699492,19.35021602,27.86966905,NA,NA,NA,MW,0,NA,NA,0,2000.498657,2001.082153,0,0.06189712,0.056743057,0.050606206,0.007239245,0.008899524,0.008880236
0,2797,Gambia,270,15-49,Gambia 1990 Contraceptive Prevalence and Fertility Determinants Survey,National survey,Estimated from data reported for all women and married/in-union women.,Traditional methods include folk methods.,NA,NA,7.621301775,5.307100592,2.314201183,NA,NA,NA,NA,UW,0,NA,Including folk methods.,0,1990,1991,0,NA,NA,NA,NA,NA,NA
1,1907,Gambia,270,15-49,Gambia 2000 Multiple Indicator Cluster Survey,MICS,NA,NA,NA,NA,9.491894989,8.7106588,0.781236189,NA,NA,NA,NA,MW,0,NA,NA,1,2000.331543,2000.49585,0,0.082806611,0.249545923,NA,0.00661503,0.001934632,0
0,107,Georgia,268,15-44,Georgia 1999 Reproductive Health Survey,RHS,Estimated from data reported for never married women and formerly married women.,NA,NA,NA,0.532582984,0.532582984,0,NA,NA,NA,NA,UW,?,NA,NA,0,1999.832886,2000.246582,0,NA,NA,NA,NA,NA,NA
1,107,Georgia,268,15-44,Georgia 1999 Reproductive Health Survey,RHS,NA,NA,NA,NA,40.5,19.8,20.7,23.8,NA,NA,NA,MW,?,NA,NA,0,1999.832886,2000.246582,0,NA,NA,NA,NA,NA,NA
0,5434,Germany,276,18-49,Germany 2005 Generations and Gender Survey,GGS,Contraceptive use questions were asked only among women with a partner.,Modern methods include some cases of sterilisation for non-contraceptive reasons.,NA,NA,29.1,28.7,0.4,NA,NA,NA,NA,PW,+,+,NA,0,2005.142456,2005.358887,0,NA,NA,NA,NA,NA,NA
1,2821,Germany,276,20-39,Germany 1992 Fertility and Family Survey,FFS,NA,NA,NA,NA,69.9555127,65.47017036,4.485342334,NA,NA,NA,NA,MW,+,NA,NA,0,1992.498657,1992.580811,0,NA,NA,NA,NA,NA,NA
0,166,Ghana,288,15-49,Ghana 2006 Multiple Indicator Cluster Survey,MICS,NA,NA,NA,NA,9.819265537,8.245195223,1.574070315,NA,NA,NA,NA,UW,0,NA,NA,1,2006.580811,2006.830078,0,0.08510098,0.225484604,NA,0.006378504,0.00347455,0
1,166,Ghana,288,15-49,Ghana 2006 Multiple Indicator Cluster Survey,MICS,NA,NA,NA,NA,16.63177256,14.00796327,2.623809291,NA,NA,NA,NA,MW,0,NA,NA,1,2006.580811,2006.830078,0,0.067085852,0.144912971,NA,0.007986867,0.00365899,0
1,2887,Greece,300,18-49,Greece 1999 Fertility and Family Survey,FFS,NA,Modern methods include some cases of sterilisation for non-contraceptive reasons.,NA,Data pertain to women who were sexually active during the month prior to the interview.,61.3,33.6,27.7,NA,NA,NA,NA,SA,+,+,NA,0,1999,1999.578125,0,NA,NA,NA,NA,NA,NA
1,2751,Grenada,308,15-44,Grenada 1985 IPPF/WHR Caribbean Contraceptive Prevalence Survey,CCPS,NA,NA,NA,NA,31,27.435,3.565,NA,NA,NA,NA,MW,?,NA,NA,0,1985,1986,0,NA,NA,NA,NA,NA,NA
1,3116,Guadeloupe,312,15-49,Guadeloupe 1976 Fertility Survey,Survey,NA,NA,NA,NA,29.4,21.1,8.3,NA,NA,NA,NA,AL,0,NA,NA,0,1976,1977,0,NA,NA,NA,NA,NA,NA
1,3117,Guam,316,18-44,Guam 2002 Behavioral Risk Factor Surveillance System,Survey,NA,Adjusted.,NA,"Data pertain to sexually active, non-pregnant women.",66.6,58.3,8.3,NA,NA,NA,NA,SA,+,NA,NA,0,2002,2003,0,NA,NA,NA,NA,NA,NA
0,173,Guatemala,320,15-49,Guatemala 2002 Encuesta Nacional de Salud Materno Infantil,RHS,Estimated from data reported for all women and married/in-union women.,Traditional methods include folk methods.,NA,NA,5.333453138,4.810892662,0.522560476,NA,NA,NA,NA,UW,0,NA,Including folk methods.,0,2002.246582,2002.912354,0,NA,NA,NA,NA,NA,NA
1,28,Guatemala,320,15-49,"Guatemala 1977-1978 Encuesta Nacional de Fecundidad, Planificación Familiar y Comunicación",CPS,NA,NA,NA,NA,18.2,15.21666667,2.883333333,NA,NA,NA,NA,MW,0,NA,NA,0,1977,1979,0,NA,NA,NA,NA,NA,NA
0,1738,Guinea,324,15-49,Guinea 1992 Demographic and Health Survey,DHS,Estimated from data reported for all women and married/in-union women.,NA,NA,NA,7.933299075,5.034750764,2.898548311,NA,NA,NA,NA,UW,0,NA,NA,0,1992.331543,1992.580811,0,NA,NA,NA,NA,NA,NA
1,1738,Guinea,324,15-49,Guinea 1992 Demographic and Health Survey,DHS,NA,NA,NA,NA,1.7,1,0.7,24.7,NA,NA,NA,MW,0,NA,NA,0,1992.331543,1992.580811,0,NA,NA,NA,NA,NA,NA
0,176,Guinea-Bissau,624,15-49,Guinea-Bissau 2006 Multiple Indicator Cluster Survey,MICS,NA,NA,NA,NA,29.60845536,27.14374779,2.464707578,NA,NA,NA,NA,UW,0,NA,NA,1,2006.358887,2006.443848,0,0.072848316,0.162315276,NA,0.013906719,0.003691276,0
1,176,Guinea-Bissau,624,15-49,Guinea-Bissau 2006 Multiple Indicator Cluster Survey,MICS,NA,NA,NA,NA,10.2696058,9.525274438,0.744331367,NA,NA,NA,NA,MW,0,NA,NA,1,2006.358887,2006.443848,0,0.064787125,0.199137979,NA,0.0055875,0.001472706,0
0,1893,Guyana,328,15-49,Guyana 2006 Multiple Indicator Cluster Survey,MICS,NA,NA,NA,NA,10.84649465,9.839181884,1.007312764,NA,NA,NA,NA,UW,0,NA,NA,1,2006.243896,2007.03833,0,0.10486196,0.264219314,NA,0.009228408,0.002609102,0
1,139,Guyana,328,15-49,Guyana 2005 HIV-AIDS Indicator Survey,DHS,NA,Traditional methods include folk methods.,NA,NA,34.6,33.6,1,NA,NA,NA,NA,MW,0,NA,Including folk methods.,0,2005.413696,2005.745239,0,NA,NA,NA,NA,NA,NA
0,1764,Haiti,332,15-49,Haiti 1994-1995 Demographic and Health Survey,DHS,NA,NA,NA,NA,4.418902745,2.929901193,1.489001552,NA,NA,NA,NA,UW,0,NA,NA,0,1994.49585,1995.082153,0,0.141121934,0.190491068,NA,0.003994538,0.002780105,0
1,718,Haiti,332,15-49,Haiti 1983 Contraceptive Prevalence Survey,Survey,NA,NA,NA,NA,6.9,3.9,3,NA,NA,NA,NA,MW,0,NA,NA,0,1983,1984,0,NA,NA,NA,NA,NA,NA
0,157,Honduras,340,15-44,Honduras 1987 Epidemiology and Family Health Survey,RHS,Estimated from data reported for all women and married/in-union women.,NA,NA,NA,5.396420582,5.040044743,0.356375839,NA,NA,NA,NA,UW,?,NA,NA,0,1987.432861,1987.884888,0,NA,NA,NA,NA,NA,NA
1,120,Honduras,340,15-49,Honduras 1981 Encuesta Nacional de Prevalencia del Uso de Anticonceptivos,Survey,NA,NA,NA,NA,26.9,23.6,3.3,NA,NA,NA,NA,MW,0,NA,NA,0,1981,1982,0,NA,NA,NA,NA,NA,NA
0,6010,Hungary,348,21-49,Hungary 2008-2009 Generations and Gender Survey Wave 2,GGS,NA,Modern methods exclude female and male sterilisation.,NA,NA,13.2,12.1,1.1,NA,NA,NA,NA,UW,+,-,NA,0,2008.835571,2009.084961,0,NA,NA,NA,NA,NA,NA
1,2760,Hungary,348,15-39,Hungary 1986 Fertility Survey,Survey,NA,NA,NA,NA,73.1,62.3,10.7,NA,NA,NA,NA,MW,?,NA,NA,0,1986,1987,0,NA,NA,NA,NA,NA,NA
0,1792,India,356,15-49,India 2005-2006 Demographic and Health Survey,DHS,NA,NA,NA,NA,6.681353873,6.646541052,0.0348,NA,NA,NA,NA,UW,0,NA,NA,0,2005.832886,2006.662964,0,NA,NA,NA,NA,NA,NA
1,123,India,356,>15,India 1980-1981 Second All-India Family Planning Survey,National survey,NA,NA,NA,NA,35.3,28.1,7.3,NA,NA,NA,NA,MW,?,NA,NA,0,1980,1982,0,NA,NA,NA,NA,NA,NA
0,739,Indonesia,360,15-49,Indonesia 2007 Demographic and Health Survey,Survey,Estimated from formerly married women data on current contraceptive use and marital status proportions.,Traditional methods include folk methods.,NA,NA,0.676,0.671,0.005,NA,NA,NA,NA,UW,0,NA,Including folk methods.,0,2007.413696,2008.161621,0,0.192727448,1.001122102,NA,0.007549692,0.000324643,0
1,9,Indonesia,360,15-49,Indonesia 2005 Intercensal Population Survey,National survey,NA,NA,NA,NA,57.2,57.1,0.1,NA,NA,NA,NA,MW,0,NA,NA,0,2005,2006,0,NA,NA,NA,NA,NA,NA
1,696,Iran (Islamic Republic of),364,15-49,Iran (Islamic Republic of) 2000 Demographic and Health Survey,National survey,NA,NA,NA,NA,73.8,56,17.8,NA,NA,NA,NA,MW,0,NA,NA,0,2000.750732,2000.750732,0,NA,NA,NA,NA,NA,NA
1,15,Iraq,368,15-49,Iraq 1974 Fertility Survey,Survey,NA,NA,NA,NA,14.5,12.9,1.7,NA,NA,NA,NA,MW,0,NA,NA,0,1974,1975,0,NA,NA,NA,NA,NA,NA
0,5110,Ireland,372,18-49,Ireland 2004 Contraception and Crisis Pregnancy Study,National survey,NA,NA,NA,NA,59.55882353,59.06862745,0.490196078,NA,NA,NA,NA,UW,+,NA,NA,0,2003.49585,2004.328735,0,NA,NA,NA,NA,NA,NA
1,3139,Ireland,372,18-50,"Ireland 1998 Survey of Lifestyle, Attitudes, and Nutrition",Survey,NA,NA,NA,Data pertain to sexually active women of reproductive age.,77,67.6,9.4,NA,NA,NA,NA,SA,+,NA,NA,0,1998,1999,0,NA,NA,NA,NA,NA,NA
1,2770,Israel,376,18-39,Israel 1987-1988 Study of Fertility and Family Formation Survey,Survey,NA,NA,NA,Data pertain to the Jewish population.,68,51.9,16,NA,NA,NA,NA,MW,+,NA,NA,0,1987,1989,0,NA,NA,NA,NA,NA,NA
0,7508,Italy,380,18-49,Italy 2013 Condizioni di salute e ricorso ai servizi sanitari,National survey,Contraceptive use question refers to contraceptive use in the 12 months prior to the survey.,NA,NA,NA,57,51.6,5.4,NA,NA,+,NA,UW,+,NA,NA,0,2013,2014,0,NA,NA,NA,NA,NA,NA
1,2855,Italy,380,20-49,Italy 1995-1996 Fertility and Family Survey,FFS,NA,Modern methods include some cases of sterilisation for non-contraceptive reasons.,NA,NA,62.65562707,40.48145075,22.17417632,11.8,NA,NA,NA,MW,+,+,NA,0,1995.832886,1996.082153,0,NA,NA,NA,NA,NA,NA
0,809,Jamaica,388,15-49,Jamaica 1989 Contraceptive Prevalence Survey,CPS,NA,NA,NA,NA,16.9,15.95303726,0.983767228,NA,NA,NA,NA,UW,0,NA,NA,0,1989,1990,0,NA,NA,NA,NA,NA,NA
1,654,Jamaica,388,15-49,Jamaica 1975-1976 World Fertility Survey,WFS,NA,NA,NA,NA,38.3,36.2,2.1,NA,NA,NA,NA,MW,0,NA,NA,0,1975,1977,0,NA,NA,NA,NA,NA,NA
0,7438,Japan,392,20-44,Japan 2014 Biodemography Project Survey,National Survey,Adjusted.,Modern methods exclude female and male sterilisation.,NA,Pertain to married women only.,29.80699559,26.10170608,3.705289507,NA,NA,NA,NA,UW,+,-,NA,0,2014.161621,2014.243896,0,NA,NA,NA,NA,NA,NA
1,2742,Japan,392,15-49,Japan 1984 17th National Survey on Family Planning,Survey,NA,NA,NA,NA,57.3,57.3,16.4,NA,NA,NA,NA,MW,0,NA,NA,0,1984,1985,0,NA,NA,NA,NA,NA,NA
0,1724,Jordan,400,15-49,Jordan 1997 Demographic and Health Survey,Survey,Estimated from formerly married women data on current contraceptive use and marital status proportions.,Unmarried/Not-in-union data pertain to female sterilisation only.,NA,NA,0.16,0.16,NA,NA,NA,NA,NA,FM,0,-,NA,0,1997.413696,1997.830078,0,0.394802954,NA,NA,0.009974106,0,0
1,29,Jordan,400,15-49,Jordan 1976 World Fertility Survey,WFS,NA,NA,Excluding the West Bank.,NA,25.2,17.4,7.8,NA,Excluding the West Bank.,NA,NA,MW,0,NA,NA,0,1976,1977,0,NA,NA,NA,NA,NA,NA
0,1669,Kazakhstan,398,15-49,Kazakhstan 1999 Demographic and Health Survey,DHS,NA,NA,NA,NA,17.30865902,14.77208293,2.53657609,2.95030307,NA,NA,NA,UW,0,NA,NA,0,1999.49585,1999.745239,0,0.082256318,0.17011764,0.173484319,0.010127292,0.004132959,0.004342857
1,1669,Kazakhstan,398,15-49,Kazakhstan 1999 Demographic and Health Survey,DHS,NA,NA,NA,NA,66.08012096,54.42922636,11.65089459,11.85641329,NA,NA,NA,MW,0,NA,NA,0,1999.49585,1999.745239,0,0.062764672,0.092539564,0.070663622,0.014115954,0.008625449,0.007090337
0,1692,Kenya,404,15-49,Kenya 2003 Demographic and Health Survey,DHS,NA,NA,NA,NA,11.90093452,9.47999369,2.420940834,7.539506961,NA,NA,NA,UW,0,NA,NA,0,2003.246582,2003.745239,0,0.081657859,0.119988721,0.07640541,0.003656453,0.001171727,0.002503001
1,753,Kenya,404,15-50,Kenya 1977-1978 World Fertility Survey,WFS,NA,NA,NA,NA,7,4.4,2.5,NA,NA,NA,NA,MW,0,NA,NA,0,1977,1979,0,NA,NA,NA,NA,NA,NA
0,3112,Kiribati,296,15-49,Kiribati 2000 Reproductive Health Knowledge and Services,National survey,Estimated from data reported for never married women and formerly married women.,NA,NA,NA,22.18802395,NA,NA,NA,NA,NA,NA,UW,0,NA,NA,0,2000,2001,0,NA,NA,NA,NA,NA,NA
1,3112,Kiribati,296,15-49,Kiribati 2000 Reproductive Health Knowledge and Services,National survey,NA,NA,NA,NA,40.7,NA,NA,NA,NA,NA,NA,MW,0,NA,NA,0,2000,2001,0,NA,NA,NA,NA,NA,NA
1,185,Kuwait,414,15-49,Kuwait 1987 Child Health Survey,GCHS,NA,NA,Data pertain to nationals of the country.,NA,34.6,31.7,2.9,NA,Data pertain to nationals of the country.,NA,NA,MW,0,NA,NA,0,1987,1988,0,NA,NA,NA,NA,NA,NA
0,652,Kyrgyzstan,417,15-49,Kyrgyzstan 2005-2006 Multiple Indicator Cluster Survey,MICS,NA,NA,NA,NA,5.883112079,5.779346117,0.103765962,NA,NA,NA,NA,UW,0,NA,NA,1,2005.96167,2006.090454,0,0.137317529,0.712429448,NA,0.006538765,0.000737445,0
1,652,Kyrgyzstan,417,15-49,Kyrgyzstan 2005-2006 Multiple Indicator Cluster Survey,MICS,NA,NA,NA,NA,47.76110807,45.72305384,2.038054224,NA,NA,NA,NA,MW,0,NA,NA,1,2005.96167,2006.090454,0,0.056771917,0.168821979,NA,0.013957524,0.003338338,0
0,5062,Lao People's Dem. Republic,418,15-49,Lao People's Democratic Republic 2011-2012 Social Indicator Survey (MICS/DHS),MICS,NA,NA,NA,NA,0.825995976,0.696344238,0.129651737,2.36388077,NA,NA,NA,UW,0,NA,NA,1,2011.665771,2012.161621,0,0.207696824,0.415077869,0.100481417,0.000973192,0.000412199,0.002076902
1,23,Lao People's Dem. Republic,418,15-49,Lao People's Democratic Republic 1993 Social Indicator Survey,Survey,NA,NA,NA,NA,18.6,15.1,3.5,NA,NA,NA,NA,MW,0,NA,NA,0,1993.328735,1993.49585,0,NA,NA,NA,NA,NA,NA
1,2856,Latvia,428,18-49,Latvia 1995 Fertility and Family Survey,FFS,NA,NA,NA,NA,67.89250354,55.58698727,12.30551627,16.8,NA,NA,NA,MW,+,NA,NA,0,1995.665771,1995.830078,0,NA,NA,NA,NA,NA,NA
1,711,Lebanon,422,15-49,Lebanon 1996 Maternal and Child Health Survey,PAPCHILD,NA,NA,NA,NA,61.1,37.2,23.8,NA,NA,NA,NA,MW,0,NA,NA,0,1996,1996.246582,0,NA,NA,NA,NA,NA,NA
0,1676,Lesotho,426,Dec-49,Lesotho 2001 Demographic Survey,National survey,NA,NA,NA,NA,17.26113231,16.38097055,0.880161758,NA,NA,NA,NA,UW,?,NA,NA,0,2001.361694,2001.493164,0,NA,NA,NA,NA,NA,NA
1,639,Lesotho,426,15-49,Lesotho 1977 World Fertility Survey,WFS,NA,NA,NA,NA,6,3,3,NA,NA,NA,NA,MW,0,NA,NA,0,1977.246582,1977.997314,0,NA,NA,NA,NA,NA,NA
0,647,Liberia,430,15-49,Liberia 2007 Demographic and Health Survey,DHS,NA,NA,NA,NA,16.5996174,14.31860082,2.281016575,25.70933811,NA,NA,NA,UW,0,NA,NA,0,2006.915039,2007.32605,0,0.099360134,0.168383884,0.057964569,0.011958092,0.003622204,0.01106336
1,647,Liberia,430,15-49,Liberia 2007 Demographic and Health Survey,DHS,NA,NA,NA,NA,11.44803245,10.25945573,1.188576723,35.61084595,NA,NA,NA,MW,0,NA,NA,0,2006.915039,2007.32605,0,0.090758064,0.176193026,0.051892082,0.008301482,0.002042675,0.011018507
1,757,Libya,434,15-49,Libya 1995 Maternal and Child Health Survey,PAPCHILD,NA,NA,NA,NA,45.2,25.7,19.6,NA,NA,NA,NA,MW,0,NA,NA,0,1995,1996,0,NA,NA,NA,NA,NA,NA
0,5438,Lithuania,440,18-49,Lithuania 2006 Generations and Gender Survey,GGS,Contraceptive use questions were asked only among women with a partner.,Modern methods include some cases of sterilisation for non-contraceptive reasons.,NA,NA,13.1,11.6,1.5,NA,NA,NA,NA,PW,+,+,NA,0,2006.246582,2006.994507,0,NA,NA,NA,NA,NA,NA
1,2841,Lithuania,440,18-49,Lithuania 1994-1995 Fertility and Family Survey,FFS,NA,NA,NA,NA,50.70883315,33.15158124,17.55725191,18,NA,NA,NA,MW,+,NA,NA,0,1994.747925,1995.997314,0,NA,NA,NA,NA,NA,NA
0,1708,Madagascar,450,15-49,Madagascar 1992 Demographic and Health Survey,DHS,NA,NA,NA,NA,8.326488809,1.047650333,7.278838475,NA,NA,NA,NA,UW,0,NA,NA,0,1992.331543,1992.915039,0,0.19054195,0.091162586,NA,0.001963601,0.006127311,0
1,1708,Madagascar,450,15-49,Madagascar 1992 Demographic and Health Survey,DHS,NA,NA,NA,NA,16.71905305,5.125120848,11.5939322,32.31445126,NA,NA,NA,MW,0,NA,NA,0,1992.331543,1992.915039,0,0.108461796,0.087682376,0.05275803,0.005046458,0.008698574,0.010244804
0,1833,Malawi,454,15-49,Malawi 2000 Demographic and Health Survey,DHS,NA,NA,NA,NA,10.66451807,9.952019289,0.712498781,9.700167102,NA,NA,NA,UW,0,NA,NA,0,2000.498657,2000.915039,0,0.067712681,0.198291117,0.067391131,0.005150771,0.001037086,0.005178123
1,712,Malawi,454,15-49,Malawi 1984 Family Formation Survey,Survey,NA,NA,NA,NA,6.9,3.2,3.7,NA,NA,NA,NA,MW,0,NA,NA,0,1984.331543,1984.49585,0,NA,NA,NA,NA,NA,NA
1,16,Malaysia,458,15-49,Malaysia 1974 World Fertility Survey,WFS,NA,NA,Data pertain to Peninsular Malaysia.,NA,33,23.7,9.3,NA,Data pertain to Peninsular Malaysia.,NA,NA,MW,0,NA,NA,0,1974,1975,0,NA,NA,NA,NA,NA,NA
0,4699,Maldives,462,15-49,Maldives 2009 Demographic and Health Survey,Survey,Estimated from formerly married women data on current contraceptive use and marital status proportions.,Traditional methods include folk methods.,NA,NA,1.431,1.419,0.011,NA,NA,NA,NA,UW,0,NA,Including folk methods.,0,2009,2009.830078,0,0.181590867,0.998988925,NA,0.011855464,0.000237083,0
1,2812,Maldives,462,15-49,Maldives 1991 KAP Survey on Child Spacing Methods,Survey,NA,Adjusted.,NA,NA,29,19,10,NA,NA,NA,NA,MW,0,NA,NA,0,1991,1992,0,NA,NA,NA,NA,NA,NA
0,1682,Mali,466,15-49,Mali 2006 Demographic and Health Survey,DHS,NA,NA,NA,NA,3.170211331,2.61983014,0.550381191,NA,NA,NA,NA,UW,0,NA,NA,0,2006.328735,2006.997314,0,0.17288501,0.363864496,0.159697185,0.002562297,0.001011375,0.00272415
1,1682,Mali,466,15-49,Mali 2006 Demographic and Health Survey,DHS,NA,NA,NA,NA,8.242359473,6.877334271,1.365025202,27.58883782,NA,NA,NA,MW,0,NA,NA,0,2006.328735,2006.997314,0,0.068014194,0.126929397,0.035374361,0.004306115,0.001682574,0.006507972
1,3204,Malta,470,20-45,Malta 1993 Survey of Family Planning,Survey,NA,NA,NA,Data pertain to married women who visited a practitioner belonging to the Malta College of Family Doctors.,85.8,46,NA,NA,NA,NA,NA,MW,+,NA,NA,0,1993,1994,0,NA,NA,NA,NA,NA,NA
0,3259,Marshall Islands,584,15-49,Marshall Islands 2007 Demographic Health Survey (national),National survey,Estimated from data reported for all women and married/in-union women.,Traditional methods include folk methods.,NA,NA,18.36354167,17.55495234,0.80858933,NA,NA,NA,NA,UW,0,NA,Including folk methods.,0,2007.104126,2007.430176,0,NA,NA,NA,NA,NA,NA
1,3253,Marshall Islands,584,15-49,Marshall Islands 1970 KAP Survey Trust Territory,Survey,NA,NA,NA,NA,22.7,18.1,4.6,NA,NA,NA,NA,AL,0,NA,NA,0,1970,1971,0,NA,NA,NA,NA,NA,NA
1,3207,Martinique,474,15-49,Martinique 1976 Fertility Survey,Survey,NA,NA,NA,NA,35.5,27.3,8.2,NA,NA,NA,NA,AL,0,NA,NA,0,1976.084961,1976.254761,0,NA,NA,NA,NA,NA,NA
1,37,Mauritania,478,15-49,Mauritania 1990-1991 Maternal and Child Health Survey,PAPCHILD,NA,NA,NA,NA,4.1,1.3,2.8,NA,NA,NA,NA,MW,0,NA,NA,0,1990,1991.997314,0,NA,NA,NA,NA,NA,NA
0,2813,Mauritius,480,15-44,Mauritius 1991 Contraceptive Prevalence Survey,CPS,Estimated from data reported for never married women and formerly married women.,NA,NA,NA,1.05253012,NA,NA,NA,NA,NA,NA,UW,?,NA,NA,0,1991.246582,1991.662964,0,NA,NA,NA,NA,NA,NA
1,2753,Mauritius,480,15-49,Mauritius 1985 Contraceptive Prevalence Survey,Survey,NA,Adjusted.,NA,NA,74.6,44.2,30.6,NA,NA,NA,NA,MW,0,NA,NA,0,1985.534302,1985.739746,0,NA,NA,NA,NA,NA,NA
0,1733,Mexico,484,15-49,Mexico 1987 Demographic and Health Survey,DHS,NA,NA,NA,NA,4.825804177,4.548621894,0.277182283,NA,NA,NA,NA,UW,0,NA,NA,0,1987.084961,1987.411011,0,NA,NA,NA,NA,NA,NA
1,46,Mexico,484,15-49,Mexico 1992 Encuesta Nacional de la Dinámica Demográfica,National survey,NA,NA,NA,NA,63.1,55.2,7.9,NA,NA,NA,NA,MW,0,NA,NA,0,1992.665771,1992.915039,0,NA,NA,NA,NA,NA,NA
0,675,Mongolia,496,15-49,Mongolia 1998 Reproductive Health Survey,National survey,Estimated from data reported for all women and married/in-union women.,NA,NA,NA,14.17880562,9.880210773,4.298594848,NA,NA,NA,NA,UW,0,NA,NA,0,1998,1999,0,NA,NA,NA,NA,NA,NA
1,675,Mongolia,496,15-49,Mongolia 1998 Reproductive Health Survey,National survey,NA,NA,NA,NA,59.9,45.7,14.2,9.9,NA,NA,NA,MW,0,NA,NA,0,1998,1999,0,NA,NA,NA,NA,NA,NA
0,2456,Montenegro,499,15-49,Montenegro 2005-2006 Multiple Indicator Cluster Survey,MICS,NA,NA,NA,NA,13.80793533,10.37926691,3.428668422,NA,NA,NA,NA,UW,0,NA,NA,1,2005.747925,2006.082153,0,NA,NA,NA,NA,NA,NA
1,2456,Montenegro,499,15-49,Montenegro 2005-2006 Multiple Indicator Cluster Survey,MICS,NA,NA,NA,NA,39.58535141,17.44911735,22.13623406,NA,NA,NA,NA,MW,0,NA,NA,1,2005.747925,2006.082153,0,NA,NA,NA,NA,NA,NA
1,2746,Montserrat,500,15-44,Montserrat 1984 IPPF-WHR Caribbean Contraceptive Prevalence Survey,CCPS,NA,NA,NA,Data pertain to sexually active women.,52.6,52.2844,0.263,NA,NA,NA,NA,SA,?,NA,NA,0,1984,1985,0,NA,NA,NA,NA,NA,NA
1,204,Morocco,504,15-49,Morocco 1997 Enquête nationale sur la santé de la mère et de l'enfant,PAPCHILD,NA,NA,NA,NA,58.4,48.8,9.6,NA,NA,NA,NA,MW,0,NA,NA,0,1997.665771,1997.997314,0,NA,NA,NA,NA,NA,NA
0,1758,Mozambique,508,15-49,Mozambique 2003 Demographic and Health Survey,DHS,NA,NA,NA,NA,25.79535571,23.57579355,2.219562163,11.19302817,NA,NA,NA,UW,0,NA,NA,0,2003.580811,2004.082153,0,0.06142479,0.124619429,0.086930946,0.007829248,0.001557111,0.004298966
1,1758,Mozambique,508,15-49,Mozambique 2003 Demographic and Health Survey,DHS,NA,NA,NA,NA,25.5205309,20.78313404,4.737396854,18.89652555,NA,NA,NA,MW,0,NA,NA,0,2003.580811,2004.082153,0,0.047682395,0.079244934,0.043601137,0.007720315,0.003505511,0.00635479
0,6084,Myanmar,104,15-49,Myanmar 2015-2016 Demographic and Health Survey,DHS,NA,NA,NA,NA,0.447416525,0.447416525,0,0.167695212,NA,NA,NA,UW,0,NA,NA,0,2015.915039,2016.580811,0,0.244218566,NA,0.403390759,0.001039303,0,0.000596155
1,195,Myanmar,104,15-49,Myanmar 1991 Population Change and Fertility Survey,National survey,NA,NA,NA,NA,16.8,13.6,3.3,20.6,NA,NA,NA,MW,0,NA,NA,0,1991,1992,0,NA,NA,NA,NA,NA,NA
0,43,Namibia,516,15-49,Namibia 2006-2007 Demographic and Health Survey,DHS,NA,NA,NA,NA,41.98217333,41.40827293,0.5739004,7.95749017,NA,NA,NA,UW,0,NA,NA,0,2006.832886,2007.243896,0,0.045112647,0.19200422,0.061529884,0.010971158,0.00110468,0.004609904
1,43,Namibia,516,15-49,Namibia 2006-2007 Demographic and Health Survey,DHS,NA,NA,NA,NA,55.05431483,53.44421465,1.610100183,20.70988085,NA,NA,NA,MW,0,NA,NA,0,2006.832886,2007.243896,0,0.052375632,0.180005537,0.060344492,0.012827273,0.002800949,0.009388901
1,3228,Nauru,520,15-49,Nauru 2007 Demographic Health Survey (national),National survey,NA,Traditional methods include folk methods.,NA,NA,35.6,25.1,10.5,23.5,NA,NA,NA,MW,0,NA,Including folk methods.,0,2007.613647,2007.758911,0,NA,NA,NA,NA,NA,NA
0,1851,Nepal,524,15-49,Nepal 2006 Demographic and Health Survey,DHS,NA,NA,NA,NA,2.556488122,2.530029967,0.0265,NA,NA,NA,NA,UW,0,NA,NA,0,2006.084961,2006.662964,0,0.154125743,1.00152243,NA,0.003800673,0.0002649,0
1,13,Nepal,524,15-49,"Nepal 1991-1992 Fertility, Family Planning and Health Survey",Survey,NA,NA,NA,Data pertain to non-pregnant women.,24.1,24.1,NA,27.7,NA,+,NA,MW,0,NA,NA,0,1991.580811,1992.082153,0,NA,NA,NA,NA,NA,NA
0,2728,Netherlands,528,18-37,Netherlands 1982 Birth Control Survey,National survey,Estimated from data for single women and women with non-cohabiting partner.,NA,NA,NA,53.1,49.54666667,3.553333333,NA,NA,NA,NA,UW,+,NA,NA,0,1982,1983,0,NA,NA,NA,NA,NA,NA
1,2728,Netherlands,528,18-37,Netherlands 1982 Birth Control Survey,National survey,NA,NA,NA,NA,76.82063385,73.82063385,3,NA,NA,NA,NA,MW,+,NA,NA,0,1982,1983,0,NA,NA,NA,NA,NA,NA
0,5415,New Zealand,554,>15,New Zealand 1976 National Survey of Contraceptive Practice,National survey,NA,NA,NA,Data pertain to women exposed to the risk of pregnancy.,43.9,43.5,0.4,NA,NA,+,NA,UW,?,NA,NA,0,1976,1977,0,NA,NA,NA,NA,NA,NA
1,2857,New Zealand,554,20-49,New Zealand 1995 Fertility and Family Survey,FFS,NA,NA,NA,NA,75,72.3,2.7,NA,NA,NA,NA,MW,+,NA,NA,0,1995.747925,1995.830078,0,NA,NA,NA,NA,NA,NA
0,1759,Nicaragua,558,15-49,Nicaragua 2001 Demographic and Health Survey,DHS,NA,NA,NA,NA,15.23184462,14.71982379,0.51202083,4.006373569,NA,NA,NA,UW,0,NA,NA,0,2001.665771,2001.997314,0,0.053533399,0.289723199,0.091089064,0.006342361,0.00146512,0.003340018
1,1759,Nicaragua,558,15-49,Nicaragua 2001 Demographic and Health Survey,DHS,NA,NA,NA,NA,68.63133242,66.13077545,2.500556966,14.61967892,NA,NA,NA,MW,0,NA,NA,0,2001.665771,2001.997314,0,0.036155988,0.088800276,0.050100522,0.007747247,0.002063545,0.005414534
0,1680,Niger,562,15-49,Niger 1998 Demographic and Health Survey,DHS,NA,NA,NA,NA,4.365061516,3.38304326,0.982018257,3.174291606,NA,NA,NA,UW,0,NA,NA,0,1998.161621,1998.578125,0,0.162230876,0.267627258,0.233418643,0.003915697,0.001545554,0.006414802
1,1680,Niger,562,15-49,Niger 1998 Demographic and Health Survey,DHS,NA,NA,NA,NA,8.205529371,4.604445736,3.601083634,17.71560453,NA,NA,NA,MW,0,NA,NA,0,1998.161621,1998.578125,0,0.105680478,0.115469979,0.043059766,0.004627062,0.003995024,0.006109156
0,1742,Nigeria,566,15-49,Nigeria 1990 Demographic and Health Survey,DHS,NA,NA,NA,NA,13.04994129,4.503566425,8.546374861,1.188833941,NA,NA,NA,UW,0,NA,NA,0,1990.246582,1990.830078,0,0.146763114,0.130055189,0.256123652,0.005135946,0.008077253,0.002441538
1,719,Nigeria,566,15-49,Nigeria 1981-1982 World Fertility Survey,WFS,NA,NA,NA,NA,6.8,0.9,5.9,NA,NA,NA,NA,MW,0,NA,NA,0,1981.778076,1982.619141,0,NA,NA,NA,NA,NA,NA
1,3251,Northern Mariana Islands,580,15-49,Northern Mariana Islands 1970 KAP Survey Trust Territory,National survey,NA,Traditional methods include folk methods.,NA,NA,20.5,16,4.3,NA,NA,NA,NA,AL,0,NA,Including folk methods.,0,1970,1971,0,NA,NA,NA,NA,NA,NA
1,2786,Norway,578,20-43,Norway 1988-1989 Fertility and Family Survey,FFS,NA,NA,NA,NA,73.84365537,69.21665465,4.627000721,NA,NA,NA,NA,MW,+,NA,NA,0,1988.750732,1989.411011,0,NA,NA,NA,NA,NA,NA
1,19,Oman,512,15-49,Oman 1988-1989 Child Health Survey,GCHS,NA,NA,Data pertain to nationals of the country.,NA,8.6,7.5,1.1,NA,Data pertain to nationals of the country.,NA,NA,MW,0,NA,NA,0,1987.832886,1989.158936,0,NA,NA,NA,NA,NA,NA
1,129,Pakistan,586,15-49,Pakistan 1975 World Fertility Survey,WFS,NA,NA,NA,NA,5.4,3.9,1.5,NA,NA,NA,NA,MW,0,NA,NA,0,1975.328735,1975.997314,0,NA,NA,NA,NA,NA,NA
1,3261,Palau,585,15-44,"Palau 2003 Population, Environment and Labor Force Survey",National survey,NA,NA,NA,NA,32.8,29.7,3.1,NA,NA,NA,NA,AL,?,NA,NA,0,2003,2004,0,NA,NA,NA,NA,NA,NA
0,5023,Panama,591,15-49,Panama 2013 Multiple Indicator Cluster Survey,MICS,NA,NA,NA,NA,28.4513012,27.42652571,1.024775498,10.75315644,NA,NA,NA,UW,0,NA,NA,1,2013,2014,0,0.074700032,0.428515755,0.116631518,0.013537685,0.004313624,0.009722519
1,726,Panama,591,15-49,Panama 1975-1976 World Fertility Survey,WFS,NA,NA,NA,NA,53.9,45.9,8,NA,NA,NA,NA,MW,0,NA,NA,0,1975,1977,0,NA,NA,NA,NA,NA,NA
0,670,Papua New Guinea,598,15-49,Papua New Guinea 1996 Demographic and Health Survey (national),National survey,Estimated from data reported for all women and married/in-union women.,NA,NA,NA,3.415967016,1.907646177,1.50832084,NA,NA,NA,NA,UW,0,NA,NA,0,1996.479492,1997.588989,0,NA,NA,NA,NA,NA,NA
1,670,Papua New Guinea,598,15-49,Papua New Guinea 1996 Demographic and Health Survey (national),National survey,NA,NA,NA,NA,25.9,19.6,6.3,NA,NA,NA,NA,MW,0,NA,NA,0,1996.479492,1997.588989,0,NA,NA,NA,NA,NA,NA
0,30,Paraguay,600,15-44,Paraguay 1998 Encuesta Nacional de Salud Materno Infantil,RHS,Estimated from data reported for never married women and formerly married women.,Traditional methods include folk methods.,NA,NA,15.5,12,3.5,1.7,NA,NA,NA,UW,?,NA,Including folk methods.,0,1998.704102,1998.912354,0,NA,NA,NA,NA,NA,NA
1,30,Paraguay,600,15-44,Paraguay 1998 Encuesta Nacional de Salud Materno Infantil,RHS,NA,Traditional methods include folk methods.,NA,NA,62.3,47.7,14.6,17.3,NA,NA,NA,MW,?,NA,Including folk methods.,0,1998.704102,1998.912354,0,NA,NA,NA,NA,NA,NA
0,52,Peru,604,15-49,Peru 1981 Encuesta Nacional de Prevalencia de Anticonceptivos,CPS,Estimated from data reported for all women and married/in-union women.,NA,NA,NA,1.91839172,NA,NA,NA,NA,NA,NA,UW,0,NA,NA,0,1981,1982,0,NA,NA,NA,NA,NA,NA
1,52,Peru,604,15-49,Peru 1981 Encuesta Nacional de Prevalencia de Anticonceptivos,CPS,NA,NA,NA,NA,41,17.63,23.37,NA,NA,NA,NA,MW,0,NA,NA,0,1981,1982,0,NA,NA,NA,NA,NA,NA
0,1836,Philippines,608,15-49,Philippines 1993 Demographic and Health Survey,DHS,NA,NA,NA,NA,0.815004378,0.743623416,0.0714,0.318569213,NA,NA,NA,UW,0,NA,NA,0,1993.161621,1993.411011,0,0.17617096,0.511426494,0.234316375,0.001244618,0.000364492,0.000684674
1,821,Philippines,608,15-49,Philippines 1978 World Fertility Survey,WFS,NA,NA,NA,NA,36.2,16.2,20,NA,NA,NA,NA,MW,0,NA,NA,0,1978.156128,1978.460327,0,NA,NA,NA,NA,NA,NA
0,7427,Poland,616,18-49,Poland 2010-2011 Generations and Gender Survey,GGS,NA,Modern methods exclude female and male sterilisation.,NA,NA,10.9,10.4,0.5,NA,NA,NA,NA,UW,+,-,NA,0,2010.800049,2011.158936,0,NA,NA,NA,NA,NA,NA
1,2814,Poland,616,20-49,Poland 1991 Fertility and Family Survey,FFS,NA,NA,NA,NA,72.75405007,27.98232695,44.77172312,NA,NA,NA,NA,MW,+,NA,NA,0,1991.915039,1991.997314,0,NA,NA,NA,NA,NA,NA
0,6013,Portugal,620,15-49,Portugal 2014 Health Survey,National survey,NA,NA,NA,Data pertain to non-pregnant women.,46.13708403,NA,NA,NA,NA,+,NA,UW,0,NA,NA,0,2014.665771,2014.915039,0,NA,NA,NA,NA,NA,NA
1,2943,Portugal,620,15-55,Portugal 2005-2006 Inquérito Nacional de Saúde,National survey,NA,NA,NA,"Data pertain to sexually active, non-pregnant women.",85.10853401,NA,NA,NA,NA,NA,NA,SA,-,NA,NA,0,2005,2007,0,NA,NA,NA,NA,NA,NA
1,2729,Puerto Rico,630,15-49,Puerto Rico 1982 Fertility and Family Planning Assessment,National survey,NA,NA,NA,NA,69.4,NA,NA,NA,NA,NA,NA,MW,0,NA,NA,0,1982,1983,0,NA,NA,NA,NA,NA,NA
1,109,Qatar,634,15-49,Qatar 1987 Child Health Survey,GCHS,NA,NA,NA,NA,32.3,28.9,3.4,NA,NA,NA,NA,MW,0,NA,NA,0,1987,1988,0,NA,NA,NA,NA,NA,NA
0,2800,Reunion,638,15-49,Reunion 1990 Enquête Fecondité Contraception,National survey,Estimated data reported from never married women and formerly married women.,Traditional methods include folk methods.,NA,NA,42.1,39.7,2.4,NA,NA,NA,NA,UW,0,NA,Including folk methods.,0,1990.199951,1990.199951,0,NA,NA,NA,NA,NA,NA
1,2764,Reunion,638,20-49,Reunion 1986 Enquête Union et Fecondité,National survey,NA,NA,NA,NA,64.1,57.1,7.9,NA,NA,NA,NA,AL,+,NA,NA,0,1986,1987,0,NA,NA,NA,NA,NA,NA
1,34,Republic of Korea,410,15-49,Republic of Korea 1974 World Fertility Survey,WFS,NA,NA,NA,NA,34.9,27,7.9,NA,NA,NA,NA,MW,0,NA,NA,0,1974.580811,1974.997314,0,NA,NA,NA,NA,NA,NA
0,24,Republic of Moldova,498,15-44,Moldova 1997 Reproductive Health Survey,RHS,Estimated data reported from never married women and formerly married women.,NA,NA,NA,13.37537797,10.73174946,2.64362851,NA,NA,NA,NA,UW,?,NA,NA,0,1997.665771,1997.745239,0,NA,NA,NA,NA,NA,NA
1,24,Republic of Moldova,498,15-44,Moldova 1997 Reproductive Health Survey,RHS,NA,NA,NA,NA,73.7,50.1,23.6,6.7,NA,NA,NA,MW,?,NA,NA,0,1997.665771,1997.745239,0,NA,NA,NA,NA,NA,NA
1,201,Romania,642,15-44,Romania 1993 Reproductive Health Survey,RHS,NA,NA,NA,NA,57.3,13.9,43.4,11.4,NA,NA,NA,MW,?,NA,NA,0,1993,1994,0,NA,NA,NA,NA,NA,NA
0,4974,Russian Federation,643,18-49,"Russian Federation 2004 Parents and Children, Men and Women in Family and Society",GGS,Contraceptive use questions were asked only among women with a partner.,Modern methods include some cases of sterilisation for non-contraceptive reasons.,NA,NA,13.2,10.7,2.5,NA,NA,NA,NA,PW,+,+,NA,0,2004,2005,0,NA,NA,NA,NA,NA,NA
1,11,Russian Federation,643,20-49,Russian Federation 1995 Longitudinal Monitoring Survey Round VI,National survey,NA,NA,NA,NA,63.4,47.5,16,NA,NA,NA,NA,MW,+,NA,NA,0,1995.747925,1995.915039,0,NA,NA,NA,NA,NA,NA
0,1717,Rwanda,646,15-49,Rwanda 2005 Demographic and Health Survey,DHS,NA,NA,NA,NA,2.177605698,1.23826025,0.939345448,4.199934331,NA,NA,NA,UW,0,NA,NA,0,2005.084961,2005.578125,0,0.120842554,0.146609779,0.073066708,0.001476916,0.001363485,0.002938796
1,200,Rwanda,646,20-49,Rwanda 1996 Socio-demographic Survey,National survey,NA,NA,NA,NA,13.7,7.1,6.6,NA,NA,NA,NA,AL,+,NA,NA,0,1996,1997,0,NA,NA,NA,NA,NA,NA
1,2748,Saint Kitts and Nevis,659,15-44,Saint Kitts and Nevis 1984 Contraceptive Prevalence Survey,CCPS,NA,NA,NA,NA,40.6,NA,NA,NA,NA,NA,NA,MW,?,NA,NA,0,1984,1985,0,NA,NA,NA,NA,NA,NA
0,5027,Saint Lucia,662,15-49,Saint Lucia 2012 Multiple Indicator Cluster Survey,MICS,NA,NA,NA,NA,29.09991168,27.92913665,1.170775029,NA,NA,NA,NA,UW,0,NA,NA,1,2011,2013,0,0.10916315,0.445928376,0.158311316,0.021588696,0.005066045,0.012431294
1,2720,Saint Lucia,662,15-44,Saint Lucia 1981 Contraceptive Prevalence Survey,CPS,NA,NA,NA,Data pertain to women exposed to the risk of pregnancy.,52.2,NA,NA,NA,NA,+,NA,MW,?,NA,NA,0,1981,1982,0,NA,NA,NA,NA,NA,NA
1,2721,Saint Vincent and the Grenadines,670,15-44,Saint Vincent and the Grenadines 1981 Contraceptive Prevalence Survey,CPS,NA,NA,NA,Data pertain to women exposed to the risk of pregnancy.,55.5,51.6,2.3,NA,NA,+,NA,MW,?,NA,NA,0,1981,1982,0,NA,NA,NA,NA,NA,NA
0,3358,Samoa,882,15-49,Samoa 2009 Demographic and Health Survey,DHS,NA,Traditional methods include folk methods.,NA,NA,2.443155032,1.938266584,0.504888447,NA,NA,NA,NA,UW,0,NA,Including folk methods.,0,2009.580811,2009.745239,0,NA,NA,NA,NA,NA,NA
1,3358,Samoa,882,15-49,Samoa 2009 Demographic and Health Survey,DHS,NA,Traditional methods include folk methods.,NA,NA,28.7,26.7,2,47.7,NA,NA,NA,MW,0,NA,Including folk methods.,0,2009.580811,2009.745239,0,NA,NA,NA,NA,NA,NA
0,2556,Sao Tome and Principe,678,15-49,Sao Tome and Principe 2008-2009 Demographic and Health Survey,DHS,NA,NA,NA,NA,16.0540103,15.45721048,0.596799819,8.696397537,NA,NA,NA,UW,0,NA,NA,0,2008.668457,2009.082153,0,0.095759942,0.553167559,0.140463772,0.012473702,0.003274038,0.011093295
1,20,Sao Tome and Principe,678,15-49,Sao Tome and Principe 2006 Multiple Indicator Cluster Survey,MICS,NA,NA,NA,NA,30.7,28.5,2.2,15.7,NA,NA,NA,MW,0,NA,NA,1,2006.372559,2006.465698,0,NA,NA,NA,NA,NA,NA
1,169,Saudi Arabia,682,15-49,Saudi Arabia 1999 Demographic Survey,National survey,NA,NA,Data pertain to nationals of the country.,NA,20.8,NA,NA,NA,Data pertain to nationals of the country.,NA,NA,MW,0,NA,NA,0,1999.123291,1999.123291,0,NA,NA,NA,NA,NA,NA
0,1705,Senegal,686,15-49,Senegal 2005 Demographic and Health Survey,DHS,NA,NA,NA,NA,2.169546252,2.025686251,0.143860001,1.859953118,NA,NA,NA,UW,0,NA,NA,0,2005.084961,2005.411011,0,0.177838054,0.514201625,0.140554675,0.003530753,0.000739118,0.00256415
1,44,Senegal,686,15-49,Senegal 1978 World Fertility Survey,WFS,NA,NA,NA,NA,3.9,0.6,3.3,NA,NA,NA,NA,MW,0,NA,NA,0,1978.30957,1978.827393,0,NA,NA,NA,NA,NA,NA
0,2557,Serbia,688,15-49,Serbia 2005-2006 Multiple Indicator Cluster Survey,MICS,NA,NA,NA,NA,31.88664752,28.8013626,3.085284922,NA,NA,NA,NA,UW,0,NA,NA,1,2005.747925,2006.082153,0,0.07314319,0.15158502,NA,0.012160792,0.003500321,0
1,2557,Serbia,688,15-49,Serbia 2005-2006 Multiple Indicator Cluster Survey,MICS,NA,NA,NA,NA,41.29240737,18.96374143,22.32866593,NA,NA,NA,NA,MW,0,NA,NA,1,2005.747925,2006.082153,0,0.053529952,0.066310868,NA,0.008018868,0.011162128,0
0,41,Sierra Leone,694,15-49,Sierra Leone 2005 Multiple Indicator Cluster Survey,MICS,NA,NA,NA,NA,17.54233714,16.50825057,1.034086572,NA,NA,NA,NA,UW,0,NA,NA,1,2005.747925,2005.912354,0,0.075839556,0.241704896,NA,0.008258959,0.001443013,0
1,41,Sierra Leone,694,15-49,Sierra Leone 2005 Multiple Indicator Cluster Survey,MICS,NA,NA,NA,NA,5.253615515,4.880823872,0.372791644,NA,NA,NA,NA,MW,0,NA,NA,1,2005.747925,2005.912354,0,0.083366127,0.217676249,NA,0.003895723,0.000806715,0
1,2731,Singapore,702,15-49,Singapore 1982 Third National Survey on Family Planning,National survey,NA,NA,NA,NA,74,59,15,NA,NA,NA,NA,MW,0,NA,NA,0,1982,1983,0,NA,NA,NA,NA,NA,NA
1,2816,Slovakia,703,15-44,"Slovakia 1991 Survey on Knowledge, Attitudes and Practice with Regard to Contraceptive Use",Survey,NA,NA,NA,Data pertain to sexually active women of reproductive age.,74,41,33,NA,NA,NA,NA,SA,?,NA,NA,0,1991,1992,0,NA,NA,NA,NA,NA,NA
1,2845,Slovenia,705,15-44,Slovenia 1994-1995 Fertility and Family Survey,FFS,NA,NA,NA,NA,78.88382046,63.18138487,15.7024356,9.2,NA,NA,NA,MW,?,NA,NA,0,1994.915039,1995.997314,0,NA,NA,NA,NA,NA,NA
0,2953,Solomon Islands,90,15-49,Solomon Islands 2006-2007 Demographic and Health Survey,National survey,Estimated from data reported for all women and married/in-union women.,Traditional methods include folk methods.,NA,NA,9.173871734,6.535787807,2.638083927,NA,NA,NA,NA,UW,0,NA,Including folk methods.,0,2006.769897,2007.32605,0,NA,NA,NA,NA,NA,NA
1,2953,Solomon Islands,90,15-49,Solomon Islands 2006-2007 Demographic and Health Survey,National survey,NA,Traditional methods include folk methods.,NA,NA,34.6,27.4,7.2,11.1,NA,NA,NA,MW,0,NA,Including folk methods.,0,2006.769897,2007.32605,0,NA,NA,NA,NA,NA,NA
1,141,Somalia,706,15-49,Somalia 2006 Multiple Indicator Cluster Survey,MICS,NA,NA,NA,NA,14.59527888,1.1682672,13.42701168,NA,NA,NA,NA,MW,0,NA,NA,1,2006.580811,2006.745239,0,0.072385705,0.258970577,NA,0.008599087,0.001938756,0
0,1720,South Africa,710,15-49,South Africa 2003 Demographic and Health Survey,DHS,Estimated from data reported for all women and married/in-union women.,NA,NA,NA,44.33036733,44.33036733,0,NA,NA,NA,NA,UW,0,NA,NA,0,2003.747925,2004.665771,0,NA,NA,NA,NA,NA,NA
1,1720,South Africa,710,15-49,South Africa 2003 Demographic and Health Survey,DHS,NA,NA,NA,NA,59.9,59.9,0,13.8,NA,NA,NA,MW,0,NA,NA,0,2003.747925,2004.665771,0,NA,NA,NA,NA,NA,NA
1,5240,South Sudan,728,15-49,South Sudan 2006 Household Health Survey,Survey,NA,Estimate.,NA,NA,3.5,3.3,0.2,NA,NA,NA,NA,MW,0,NA,NA,0,2006,2007,0,NA,NA,NA,NA,NA,NA
0,2756,Spain,724,18-50,Spain 1985 Fertility Survey,National survey,NA,NA,NA,NA,12.57033592,10.36183803,2.208497901,NA,NA,NA,NA,UW,+,NA,NA,0,1985,1986,0,NA,NA,NA,NA,NA,NA
1,2756,Spain,724,18-50,Spain 1985 Fertility Survey,National survey,NA,NA,NA,NA,62.141894,41.588639,20.5532552,NA,NA,NA,NA,MW,+,NA,NA,0,1985,1986,0,NA,NA,NA,NA,NA,NA
0,1718,Sri Lanka,144,15-49,Sri Lanka 1987 Demographic and Health Survey,Survey,Estimated from formerly married women data on current contraceptive use and marital status proportions.,NA,NA,NA,0.936,0.92,0.016,NA,NA,NA,NA,UW,0,NA,NA,0,1987,1987.243896,0,NA,NA,NA,NA,NA,NA
1,174,Sri Lanka,144,15-49,Sri Lanka 1975 World Fertility Survey,Survey,NA,NA,Excluding the Northern and Eastern Province.,NA,34.4,20.2,14.2,NA,Excluding the Northern and Eastern Province.,NA,NA,MW,0,NA,NA,0,1975,1976,0,NA,NA,NA,NA,NA,NA
1,807,State of Palestine,275,15-49,State of Palestine 2004 Demographic and Health Survey (national),National survey,NA,NA,NA,NA,50.8,37.6,13.2,NA,NA,NA,NA,MW,0,NA,NA,0,2004.498657,2004.515015,0,NA,NA,NA,NA,NA,NA
1,5212,Sudan,729,15-50,Sudan 1978-1979 Fertility Survey,WFS,NA,NA,Data pertain to pre-secession Northern Sudan.,NA,4.6,3.9,0.7,NA,Data pertain to pre-secession Northern Sudan.,NA,NA,MW,0,NA,NA,0,1978,1980,0,NA,NA,NA,NA,NA,NA
0,1919,Suriname,740,15-49,Suriname 2006 Multiple Indicator Cluster Survey,MICS,NA,NA,NA,NA,19.24677796,19.20256592,0.0442,NA,NA,NA,NA,UW,0,NA,NA,1,2006.246582,2006.411011,0,0.063920456,1.002751249,NA,0.009852882,0.000442578,0
1,1919,Suriname,740,15-49,Suriname 2006 Multiple Indicator Cluster Survey,MICS,NA,NA,NA,NA,45.64332861,45.02223907,0.621089543,NA,NA,NA,NA,MW,0,NA,NA,1,2006.246582,2006.411011,0,0.041594101,0.251008951,NA,0.010335313,0.001556495,0
1,2722,Sweden,752,20-44,Sweden 1981 World Fertility Survey,Survey,NA,NA,NA,Data pertain to sexually active women of reproductive age.,78,72,6,NA,NA,NA,NA,SA,+,NA,NA,0,1981,1982,0,NA,NA,NA,NA,NA,NA
0,6018,Switzerland,756,15-49,Switzerland 2012 Health Survey,National survey,NA,NA,NA,NA,72.9336,70.4763,2.4573,NA,NA,NA,NA,UW,0,NA,NA,0,2012,2013,0,NA,NA,NA,NA,NA,NA
1,2706,Switzerland,756,See notes,Switzerland 1980 Kontrazeption in der Schweiz,Survey,NA,NA,NA,Data pertain to a sample of husbands and wives married between 1970 and 1979.,71.2,64.9,6.4,NA,NA,NA,NA,HW,?,NA,NA,0,1980,1981,0,NA,NA,NA,NA,NA,NA
1,51,Syrian Arab Republic,760,15-49,Syrian Arab Republic 2006 Multiple Indicator Cluster Survey,MICS,NA,NA,NA,NA,58.29429438,46.31627127,11.97802311,NA,NA,NA,NA,MW,0,NA,NA,1,2006.328735,2006.493164,0,0.023442536,0.035020418,NA,0.00532363,0.003366729,0
0,724,Tajikistan,762,15-49,Tajikistan 2005 Multiple Indicator Cluster Survey,MICS,NA,NA,NA,NA,1.180668308,0.976853983,0.203814325,NA,NA,NA,NA,UW,0,NA,NA,1,2005.665771,2005.830078,0,0.22398086,0.471613869,NA,0.002166748,0.000959332,0
1,724,Tajikistan,762,15-49,Tajikistan 2005 Multiple Indicator Cluster Survey,MICS,NA,NA,NA,NA,37.94955437,36.14959539,1.799958976,NA,NA,NA,NA,MW,0,NA,NA,1,2005.665771,2005.830078,0,0.04446162,0.185042995,NA,0.010043502,0.003214024,0
0,5035,TFYR Macedonia,807,15-49,The former Yugoslav Republic of Macedonia 2011 Multiple Indicator Cluster Survey,MICS,NA,NA,NA,NA,19.38304244,16.14320751,3.23983493,NA,NA,NA,NA,UW,0,NA,NA,1,2011.246582,2011.082153,0,0.120798479,0.251194165,0.999684928,0.011064586,0.003476155,0.000227477
1,5035,TFYR Macedonia,807,15-49,The former Yugoslav Republic of Macedonia 2011 Multiple Indicator Cluster Survey,MICS,NA,NA,NA,NA,40.37709211,12.99252856,27.38456355,17.2,NA,NA,NA,MW,0,NA,NA,1,2011.246582,2011.082153,0,0.079221247,0.068165776,0.056240651,0.008351627,0.012765125,0.012221732
0,175,Thailand,764,15-49,Thailand 2005-2006 Multiple Indicator Cluster Survey,MICS,NA,NA,NA,NA,2.715669531,2.701392114,0.0143,NA,NA,NA,NA,UW,0,NA,NA,1,2005.915039,2006.158936,0,0.091610529,0.564156104,NA,0.002407465,8.05E-05,0
1,25,Thailand,764,15-44,Thailand 1989 Survey of Population Change,Survey,NA,Adjusted.,NA,NA,66.2,64.2,2,NA,NA,NA,NA,MW,?,NA,NA,0,1989,1990,0,NA,NA,NA,NA,NA,NA
0,4948,Timor-Leste,626,15-49,Timor-Leste 2009-2010 Demographic and Health Survey,DHS,NA,NA,NA,NA,0.31728886,0.31728886,0,0.434846583,NA,NA,NA,UW,0,NA,NA,0,2009.580811,2010.158936,0,NA,NA,NA,NA,NA,NA
1,18,Timor-Leste,626,15-49,Timor-Leste 2003 Demographic and Health Survey (national),National survey,NA,NA,NA,NA,10,9.5,1.3,NA,NA,NA,NA,MW,0,NA,NA,0,2003.323242,2003.6521,0,NA,NA,NA,NA,NA,NA
0,669,Togo,768,15-49,Togo 2006 Multiple Indicator Cluster Survey,MICS,NA,NA,NA,NA,26.1172112,22.9405076,3.176703604,NA,NA,NA,NA,UW,0,NA,NA,1,2006.353394,2006.476685,0,0.085608862,0.194882323,NA,0.014359792,0.005746577,0
1,669,Togo,768,15-49,Togo 2006 Multiple Indicator Cluster Survey,MICS,NA,NA,NA,NA,16.38839048,11.24440153,5.143988942,NA,NA,NA,NA,MW,0,NA,NA,1,2006.353394,2006.476685,0,0.053780015,0.092603575,NA,0.00537574,0.004516031,0
0,5448,Tonga,776,15-49,Tonga 2012 Demographic Health Survey (national),National survey,Estimated from data reported for all women and married/in-union women.,Traditional methods include folk methods.,NA,NA,2.049735049,1.923694171,0.126040878,NA,NA,NA,NA,UW,0,NA,Including folk methods.,0,2012,2013,0,NA,NA,NA,NA,NA,NA
1,5448,Tonga,776,15-49,Tonga 2012 Demographic Health Survey (national),National survey,NA,Traditional methods include folk methods.,NA,NA,34.1,28.4,5.7,25.2,NA,NA,NA,MW,0,NA,Including folk methods.,0,2012,2013,0,NA,NA,NA,NA,NA,NA
0,1741,Trinidad and Tobago,780,15-49,Trinidad and Tobago 1987 Demographic and Health Survey,DHS,NA,NA,NA,NA,3.616484441,2.943650126,0.672834315,NA,NA,NA,NA,UW,0,NA,NA,0,1987.328735,1987.662964,0,NA,NA,NA,NA,NA,NA
1,126,Trinidad and Tobago,780,15-49,Trinidad and Tobago 1977 World Fertility Survey,WFS,NA,NA,NA,NA,52,46,6,NA,NA,NA,NA,MW,0,NA,NA,0,1977,1978,0,NA,NA,NA,NA,NA,NA
1,33,Tunisia,788,15-49,Tunisia 1978 World Fertility Survey,Survey,NA,NA,NA,NA,31.4,24.7,6.7,NA,NA,NA,NA,MW,0,NA,NA,0,1978,1979,0,NA,NA,NA,NA,NA,NA
0,1755,Turkey,792,15-49,Turkey 2003 Demographic and Health Survey,Survey,Estimated from formerly married women data on current contraceptive use and marital status proportions.,Unmarried/Not-in-union data pertain to female sterilisation only.,NA,NA,0.288,0.288,NA,NA,NA,NA,NA,FM,0,-,NA,0,2003.915039,2004.413696,0,0.293759358,NA,NA,0.009032856,0,0
1,117,Turkey,792,<45,Turkey 1973 Survey of Population Problems,Survey,NA,NA,NA,NA,36.8,11.4,25.4,NA,NA,NA,NA,MW,?,NA,NA,0,1973,1974,0,NA,NA,NA,NA,NA,NA
0,1793,Turkmenistan,795,15-49,Turkmenistan 2000 Demographic and Health Survey,DHS,Estimated from data reported for all women and married/in-union women.,NA,NA,NA,2.675652461,2.60885365,0.0668,NA,NA,NA,NA,UW,0,NA,NA,0,2000.498657,2000.832886,0,NA,NA,NA,NA,NA,NA
1,5,Turkmenistan,795,15-49,Turkmenistan 2006 Multiple Indicator Cluster Survey,MICS,NA,NA,NA,NA,48.00119396,46.78869401,1.212499947,NA,NA,NA,NA,MW,0,NA,NA,1,2006,2007,0,0.045897186,0.210447649,NA,0.011317615,0.002496736,0
0,3329,Tuvalu,798,15-49,Tuvalu 2007 Demographic Health Survey (national),National survey,Estimated from data reported for all women and married/in-union women.,Traditional methods include folk methods.,NA,NA,5.609090909,5.245454545,0.363636364,NA,NA,NA,NA,UW,0,NA,Including folk methods.,0,2007.479492,2007.794556,0,NA,NA,NA,NA,NA,NA
1,3329,Tuvalu,798,15-49,Tuvalu 2007 Demographic Health Survey (national),National survey,NA,Traditional methods include folk methods.,NA,NA,30.5,22.4,8.1,24.2,NA,NA,NA,MW,0,NA,Including folk methods.,0,2007.479492,2007.794556,0,NA,NA,NA,NA,NA,NA
0,830,Uganda,800,15-49,Uganda 2004-2005 HIV-AIDS Indicator Survey,DHS,Estimated from data reported for all women and married/in-union women.,Traditional methods include folk methods.,NA,NA,10.80100474,10.10326542,0.697739325,NA,NA,NA,NA,UW,0,NA,Including folk methods.,0,2004.583618,2005.082153,0,NA,NA,NA,NA,NA,NA
1,830,Uganda,800,15-49,Uganda 2004-2005 HIV-AIDS Indicator Survey,DHS,NA,Traditional methods include folk methods.,NA,NA,19.7,18.7,1,NA,NA,NA,NA,MW,0,NA,Including folk methods.,0,2004.583618,2005.082153,0,NA,NA,NA,NA,NA,NA
0,170,Ukraine,804,15-49,Ukraine 2007 Demographic and Health Survey,DHS,NA,NA,NA,NA,27.11169658,24.33250638,2.7791902,1.691601348,NA,NA,NA,UW,0,NA,NA,0,2007.49585,2007.912354,0,0.073153481,0.135725811,0.208186934,0.013355737,0.003622766,0.003436817
1,170,Ukraine,804,15-49,Ukraine 2007 Demographic and Health Survey,DHS,NA,NA,NA,NA,66.65050456,47.53613694,19.11436762,10.10900704,NA,NA,NA,MW,0,NA,NA,0,2007.49585,2007.912354,0,0.052439046,0.064076482,0.077750984,0.012182721,0.009263516,0.006575136
1,12,United Arab Emirates,784,15-49,United Arab Emirates 1995 Family Health Survey,GFHS,NA,NA,Data pertain to nationals of the country.,NA,27.5,23.6,3.9,NA,Data pertain to nationals of the country.,NA,NA,MW,0,NA,NA,0,1995,1996,0,NA,NA,NA,NA,NA,NA
0,2885,United Kingdom,826,16-49,United Kingdom 1998 General Household Survey,National survey,Estimated from data reported for never married women and formerly married women.,NA,Excluding Northern Ireland.,NA,54.02692055,52.67564018,1.351280368,NA,Excluding Northern Ireland.,NA,NA,UW,0,NA,NA,0,1998,1999,0,NA,NA,NA,NA,NA,NA
1,2765,United Kingdom,826,16-49,United Kingdom 1986 General Household Survey,Survey,NA,NA,Excluding Northern Ireland.,NA,81,78,8,NA,Excluding Northern Ireland.,NA,NA,MW,0,NA,NA,0,1986,1987,0,NA,NA,NA,NA,NA,NA
0,831,United Republic of Tanzania,834,15-49,United Republic of Tanzania 1999 Reproductive and Child Health Survey,DHS,NA,NA,NA,NA,16.3759165,13.44330546,2.932611041,11.37381533,NA,NA,NA,UW,0,NA,NA,0,1999.665771,1999.912354,0,0.137115724,0.210576681,0.108029842,0.015576046,0.005756116,0.011539813
1,831,United Republic of Tanzania,834,15-49,United Republic of Tanzania 1999 Reproductive and Child Health Survey,DHS,NA,NA,NA,NA,25.36540886,18.71734003,6.648068831,22.57395856,NA,NA,NA,MW,0,NA,NA,0,1999.665771,1999.912354,0,0.107690045,0.123656039,0.071600462,0.01637403,0.007719551,0.011210818
0,2733,United States of America,840,15-44,United States of America 1982 National Survey of Family Growth,National survey,Estimated from data reported for never married women and formerly married women.,NA,NA,NA,40.53507036,NA,NA,NA,NA,NA,NA,UW,?,NA,NA,0,1982,1983,0,NA,NA,NA,NA,NA,NA
1,2733,United States of America,840,15-44,United States of America 1982 National Survey of Family Growth,National survey,NA,NA,NA,NA,69.7,NA,NA,NA,NA,NA,NA,MW,?,NA,NA,0,1982,1983,0,NA,NA,NA,NA,NA,NA
1,3352,United States Virgin Islands,850,18-44,United States Virgin Islands 2002 Behavioral Risk Factor Surveillance System,Survey,NA,NA,NA,Data pertain to women exposed to the risk of pregnancy.,78.4,72.6,5.8,NA,NA,+,NA,AL,+,NA,NA,0,2002,2003,0,NA,NA,NA,NA,NA,NA
1,2766,Uruguay,858,15-49,Uruguay 1986 Encuesta Nacional de Fecundidad,National survey,NA,NA,NA,NA,83,72.4,10.7,NA,NA,NA,NA,MW,0,NA,NA,0,1986,1987,0,NA,NA,NA,NA,NA,NA
0,721,Uzbekistan,860,15-49,Uzbekistan 2006 Multiple Indicator Cluster Survey,MICS,NA,NA,NA,NA,2.282666947,2.02119087,0.261476077,NA,NA,NA,NA,UW,0,NA,NA,1,2006.161621,2006.367065,0,0.149096785,0.310530826,NA,0.002951383,0.000809262,0
1,721,Uzbekistan,860,15-49,Uzbekistan 2006 Multiple Indicator Cluster Survey,MICS,NA,NA,NA,NA,64.925064,61.69171209,3.23335191,NA,NA,NA,NA,MW,0,NA,NA,1,2006.161621,2006.367065,0,0.033666437,0.092392479,NA,0.007450807,0.002706774,0
0,2476,Vanuatu,548,15-49,Vanuatu 2007 Multiple Indicator Cluster Survey,MICS,NA,NA,NA,NA,9.371332082,9.273806763,0.0975,NA,NA,NA,NA,UW,0,NA,NA,1,2007.832886,2007.967163,0,0.150676518,1.001343538,NA,0.011974431,0.00024838,0
1,2476,Vanuatu,548,15-49,Vanuatu 2007 Multiple Indicator Cluster Survey,MICS,NA,NA,NA,NA,38.42833538,36.9669551,1.461380277,NA,NA,NA,NA,MW,0,NA,NA,1,2007.832886,2007.967163,0,0.064216755,0.240540991,NA,0.014916088,0.003467656,0
0,738,Venezuela (Bolivarian Republic of),862,15-49,Venezuela (Bolivarian Republic of) 1998 Encuesta Nacional de Poblacion y Familia,National survey,NA,NA,NA,NA,15.44021637,14.00705123,1.433165131,NA,NA,NA,NA,UW,0,NA,NA,0,1998,1999,0,NA,NA,NA,NA,NA,NA
1,731,Venezuela (Bolivarian Republic of),862,15-44,Venezuela (Bolivarian Republic of) 1977 World Fertility Survey,WFS,NA,NA,NA,NA,50,38,12,NA,NA,NA,NA,MW,?,NA,NA,0,1977,1978,0,NA,NA,NA,NA,NA,NA
0,5043,Viet Nam,704,15-49,Viet Nam 2011 Multiple Indicator Cluster Survey,MICS,NA,NA,NA,NA,2.276863152,1.953895963,0.322967189,NA,NA,NA,NA,UW,0,NA,NA,1,2010.909546,2011.068481,0,0.141314185,0.370448309,0.25802422,0.002270443,0.001154205,0.000949808
1,700,Viet Nam,704,15-49,Viet Nam 1994 Intercensal Demographic Survey,Survey,NA,NA,NA,NA,65,43.8,21.2,NA,NA,NA,NA,MW,0,NA,NA,0,1994.246582,1994.578125,0,NA,NA,NA,NA,NA,NA
1,740,Yemen,887,15-49,Yemen 2003 Family Health Survey,PAPFAM,NA,NA,NA,NA,23.1,13.4,9.7,NA,NA,NA,NA,MW,0,NA,NA,0,2003,2003.243896,0,NA,NA,NA,NA,NA,NA
0,645,Zambia,894,15-49,Zambia 2007 Demographic and Health Survey,DHS,NA,NA,NA,NA,12.49058021,11.56071175,0.929868454,10.38875964,NA,NA,NA,UW,0,NA,NA,0,2007.246582,2007.830078,0,NA,NA,NA,NA,NA,NA
1,645,Zambia,894,15-49,Zambia 2007 Demographic and Health Survey,DHS,NA,NA,NA,NA,40.76306953,32.66594325,8.097126281,26.59385902,NA,NA,NA,MW,0,NA,NA,0,2007.246582,2007.830078,0,NA,NA,NA,NA,NA,NA
0,1697,Zimbabwe,716,15-49,Zimbabwe 1988 Demographic and Health Survey,DHS,NA,NA,NA,NA,13.67137356,12.06675225,1.604621309,NA,NA,NA,NA,UW,0,NA,NA,0,1988.668457,1989.082153,0,NA,NA,NA,NA,NA,NA
1,1697,Zimbabwe,716,15-49,Zimbabwe 1988 Demographic and Health Survey,DHS,NA,NA,NA,NA,43.09496784,36.13318199,6.961785849,NA,NA,NA,NA,MW,0,NA,NA,0,1988.668457,1989.082153,0,NA,NA,NA,NA,NA,NA
