Index,Location,Notes,LocID,ISO3_Code,ISO2_Code,SDMX_Code,LocType,LocTypeName,ParentID,WorldID,SubRegID,SubRegName,SDGSubRegID,SDGSubRegName,SDGRegID,SDGRegName,GeoRegID,GeoRegName,MoreDev,LessDev,LeastDev,oLessDev,LessDev_ExcludingChina,LLDC,SIDS,WB_HUMIC,WB_LLMIC,WB_HIC,WB_LMIC,WB_MIC,WB_MUIC,WB_MLIC,WB_LIC,WB_NoIncomeGroup,PeakPopYear_GroupID,PeakPopYear_Group,PeakPopYear_Median,PeakPopYear_Lower_95PI,PeakPopYear_Upper_95PI,Probability_Peak_by_Median_Year,Probability_Peak_by_2100,MaxHIV_Male,MaxHIV_Female,MaxHIV_BothSexes,YearMaxHIV_BothSexes,HIVAIDSMortalityImpact_AgePattern,HIVAIDSMortalityImpact_e0,TotPop2024LessThan1k,TotPop2024LessThan90k
1,WORLD,a,900,,,1,1,World,0,,,,,,,,,,,,,,,,,,,,,,,,,,5552,Group C – Growing through 2054,2084,2067,unknown,51.1,80.3,,,,,,,,
2,Sustainable Development Goal (SDG) regions,b,1828,,,,25,Label/Separator,900,,,,,,,,,,,,,,,,,,,,,,,,,,,,,,,,,,,,,,,,
3,Sub-Saharan Africa,,1834,,,202,12,SDG region,1828,,,,,,,,,,,,,,,,,,,,,,,,,,5552,Group C – Growing through 2054,Beyond 2100,2099,unknown,,4.9,,,,,,,,
4,Northern Africa and Western Asia,,1833,,,747,12,SDG region,1828,,,,,,,,,,,,,,,,,,,,,,,,,,5552,Group C – Growing through 2054,Beyond 2100,2072,unknown,,49.0,,,,,,,,
5,Central and Southern Asia,,1831,,,62,12,SDG region,1828,,,,,,,,,,,,,,,,,,,,,,,,,,5552,Group C – Growing through 2054,2074,2053,unknown,45.3,87.2,,,,,,,,
6,Eastern and South-Eastern Asia,,1832,,,753,12,SDG region,1828,,,,,,,,,,,,,,,,,,,,,,,,,,5544,Group B – Peaking between 2025 and 2054,2028,2024,2041,44.6,100.0,,,,,,,,
7,Latin America and the Caribbean,,1830,   ,,419,12,SDG region,1828,,,,,,,,,,,,,,,,,,,,,,,,,,5544,Group B – Peaking between 2025 and 2054,2053,2043,2072,42.7,99.3,,,,,,,,
8,Oceania (excluding Australia and New Zealand),,1835,,,543,12,SDG region,1828,,,,,,,,,,,,,,,,,,,,,,,,,,5552,Group C – Growing through 2054,Beyond 2100,2049,unknown,,55.0,,,,,,,,
9,Australia/New Zealand,,1836,   ,,53,12,SDG region,1828,,,,,,,,,,,,,,,,,,,,,,,,,,5552,Group C – Growing through 2054,Beyond 2100,2034,unknown,,39.4,,,,,,,,
10,Europe and Northern America,,1829,,,513,12,SDG region,1828,,,,,,,,,,,,,,,,,,,,,,,,,,5544,Group B – Peaking between 2025 and 2054,2036,2025,unknown,40.1,80.4,,,,,,,,
11,"Europe, Northern America, Australia and New Zealand",c,5502,,,777,12,SDG region,1828,,,,,,,,,,,,,,,,,,,,,,,,,,5544,Group B – Peaking between 2025 and 2054,2039,2026,unknown,39.2,78.0,,,,,,,,
12,UN development groups,d,1803,,,,25,Label/Separator,900,,,,,,,,,,,,,,,,,,,,,,,,,,,,,,,,,,,,,,,,
13,More developed regions,e,901,,,514,5,Development group,1803,,,,,,,,,,,,,,,,,,,,,,,,,,5544,Group B – Peaking between 2025 and 2054,2030,2025,unknown,36.9,84.8,,,,,,,,
14,Less developed regions,f,902,,,515,5,Development group,1803,,,,,,,,,,,,,,,,,,,,,,,,,,5552,Group C – Growing through 2054,2085,2069,unknown,43.1,77.7,,,,,,,,
15,Least developed countries,g,941,,,199,5,Development group,902,,,,,,,,,,,,,,,,,,,,,,,,,,5552,Group C – Growing through 2054,Beyond 2100,2094,unknown,,11.6,,,,,,,,
16,"Less developed regions, excluding least developed countries",,934,,,,5,Development group,902,,,,,,,,,,,,,,,,,,,,,,,,,,5552,Group C – Growing through 2054,2060,2051,2098,48.6,97.7,,,,,,,,
17,"Less developed regions, excluding China",h,948,,,,5,Development group,1803,,,,,,,,,,,,,,,,,,,,,,,,,,5552,Group C – Growing through 2054,2099,2078,unknown,50.8,52.9,,,,,,,,
18,Land-locked Developing Countries (LLDC),,1636,,,432,5,Development group,1803,,,,,,,,,,,,,,,,,,,,,,,,,,5552,Group C – Growing through 2054,Beyond 2100,2085,unknown,,35.1,,,,,,,,
19,LLDC: Africa,,2087,,,,13,Special other,1636,,,,,,,,,,,,,,,1636,,,,,,,,,,,5552,Group C – Growing through 2054,Beyond 2100,2087,unknown,,29.3,,,,,,,,
20,LLDC: Asia,,2088,,,,13,Special other,1636,,,,,,,,,,,,,,,1636,,,,,,,,,,,5552,Group C – Growing through 2054,Beyond 2100,2060,unknown,,63.7,,,,,,,,
21,LLDC: Europe,,2089,,,,13,Special other,1636,,,,,,,,,,,,,,,1636,,,,,,,,,,,5536,Group A – Peaked by 2024,1991,,,,,,,,,,,,
22,LLDC: Latin America,i,2090,,,,13,Special other,1636,,,,,,,,,,,,,,,1636,,,,,,,,,,,5552,Group C – Growing through 2054,2084,2053,unknown,49.6,70.0,,,,,,,,
23,Small island developing States (SIDS),,1637,,,722,5,Development group,1803,,,,,,,,,,,,,,,,,,,,,,,,,,5552,Group C – Growing through 2054,2064,2042,unknown,45.7,88.0,,,,,,,,
24,SIDS Caribbean,,2091,,,,13,Special other,1637,,,,,,,,,,,,,,,,1637,,,,,,,,,,5544,Group B – Peaking between 2025 and 2054,2046,2031,unknown,47.4,96.6,,,,,,,,
25,SIDS Pacific,,2092,,,,13,Special other,1637,,,,,,,,,,,,,,,,1637,,,,,,,,,,5552,Group C – Growing through 2054,Beyond 2100,2049,unknown,,61.7,,,,,,,,
26,"SIDS Atlantic, Indian Ocean and South China Sea (AIS)",,2093,,,,13,Special other,1637,,,,,,,,,,,,,,,,1637,,,,,,,,,,5552,Group C – Growing through 2054,2069,2026,unknown,49.6,84.9,,,,,,,,
27,World Bank income groups,,1802,,,,25,Label/Separator,900,,,,,,,,,,,,,,,,,,,,,,,,,,,,,,,,,,,,,,,,
28,High-and-upper-middle-income countries,,5503,,,,13,Income group,1802,,,,,,,,,,,,,,,,,,,,,,,,,,5544,Group B – Peaking between 2025 and 2054,2038,2030,2048,43.9,100.0,,,,,,,,
29,Low-and-Lower-middle-income countries,j,5504,,,,13,Income group,1802,,,,,,,,,,,,,,,,,,,,,,,,,,5552,Group C – Growing through 2054,Beyond 2100,2082,unknown,,48.6,,,,,,,,
30,High-income countries,,1503,,,910,13,Income group,1802,,,,,,,,,,,,,,,,,5503,,,,,,,,,5544,Group B – Peaking between 2025 and 2054,2046,2031,unknown,41.4,73.1,,,,,,,,
31,Low-and-middle-income countries,j,1859,,,913,13,Income group,1802,,,,,,,,,,,,,,,,,,,,,,,,,,5552,Group C – Growing through 2054,2085,2068,unknown,50.2,75.4,,,,,,,,
32,Middle-income countries,j,1517,,,,13,Income group,1859,,,,,,,,,,,,,,,,,,,,,,,,,,5552,Group C – Growing through 2054,2067,2054,unknown,46.9,95.3,,,,,,,,
33,Upper-middle-income countries,j,1502,,,914,13,Income group,1517,,,,,,,,,,,,,,,,,5503,,,1859,1517,,,,,5544,Group B – Peaking between 2025 and 2054,2036,2028,2047,42.7,100.0,,,,,,,,
34,Lower-middle-income countries,j,1501,,,912,13,Income group,1517,,,,,,,,,,,,,,,,,,5504,,1859,1517,,,,,5552,Group C – Growing through 2054,2090,2067,unknown,50.7,69.6,,,,,,,,
35,Low-income countries,,1500,,,911,13,Income group,1859,,,,,,,,,,,,,,,,,,5504,,1859,,,,,,5552,Group C – Growing through 2054,Beyond 2100,2092,unknown,,11.6,,,,,,,,
36,No income group available,k,1518,,,,13,Income group,1802,,,,,,,,,,,,,,,,,,,,,,,,,,5552,Group C – Growing through 2054,2059,2017,unknown,47.4,82.9,,,,,,,,
37,Groups of countries by timing of population peak,,5560,,,,25,Label/Separator,900,,,,,,,,,,,,,,,,,,,,,,,,,,,,,,,,,,,,,,,,
38,Group A – Peaked by 2024,,5536,,,,14,Ad Hoc groups,5560,,,,,,,,,,,,,,,,,,,,,,,,,,5536,Group A – Peaked by 2024,2020,,,,,,,,,,,,
39,Group A: Sub-Saharan Africa,,5537,,,,14,Ad Hoc groups,5536,,,,,,,,,,,,,,,,,,,,,,,,,,5536,Group A – Peaked by 2024,2015,,,,,,,,,,,,
40,Group A: Northern Africa and Western Asia,,5538,,,,14,Ad Hoc groups,5536,,,,,,,,,,,,,,,,,,,,,,,,,,5536,Group A – Peaked by 2024,1990,,,,,,,,,,,,
41,Group A: Eastern and South-Eastern Asia,,5540,,,,14,Ad Hoc groups,5536,,,,,,,,,,,,,,,,,,,,,,,,,,5536,Group A – Peaked by 2024,2021,,,,,,,,,,,,
42,Group A: Latin America and the Caribbean,,5541,,,,14,Ad Hoc groups,5536,,,,,,,,,,,,,,,,,,,,,,,,,,5536,Group A – Peaked by 2024,2010,,,,,,,,,,,,
43,Group A: Oceania (excluding Australia and New Zealand),,5542,,,,14,Ad Hoc groups,5536,,,,,,,,,,,,,,,,,,,,,,,,,,5536,Group A – Peaked by 2024,2001,,,,,,,,,,,,
44,"Group A: Europe, Northern America, Australia and New Zealand",,5543,,,,14,Ad Hoc groups,5536,,,,,,,,,,,,,,,,,,,,,,,,,,5536,Group A – Peaked by 2024,1992,,,,,,,,,,,,
45,Group B – Peaking between 2025 and 2054,,5544,,,,14,Ad Hoc groups,5560,,,,,,,,,,,,,,,,,,,,,,,,,,5544,Group B – Peaking between 2025 and 2054,2047,2038,2059,42.7,99.7,,,,,,,,
46,Group B: Sub-Saharan Africa,,5545,,,,14,Ad Hoc groups,5544,,,,,,,,,,,,,,,,,,,,,,,,,,5544,Group B – Peaking between 2025 and 2054,2050,2027,unknown,47.5,86.8,,,,,,,,
47,Group B: Northern Africa and Western Asia,,5546,,,,14,Ad Hoc groups,5544,,,,,,,,,,,,,,,,,,,,,,,,,,5544,Group B – Peaking between 2025 and 2054,2048,2025,unknown,49.3,96.8,,,,,,,,
48,Group B: Central and Southern Asia,,5547,,,,14,Ad Hoc groups,5544,,,,,,,,,,,,,,,,,,,,,,,,,,5544,Group B – Peaking between 2025 and 2054,2053,2031,2100,46.8,97.6,,,,,,,,
49,Group B: Eastern and South-Eastern Asia,,5548,,,,14,Ad Hoc groups,5544,,,,,,,,,,,,,,,,,,,,,,,,,,5544,Group B – Peaking between 2025 and 2054,2047,2034,unknown,42.9,96.7,,,,,,,,
50,Group B: Latin America and the Caribbean,,5549,,,,14,Ad Hoc groups,5544,,,,,,,,,,,,,,,,,,,,,,,,,,5544,Group B – Peaking between 2025 and 2054,2045,2032,2067,49.6,99.0,,,,,,,,
51,Group B: Oceania (excluding Australia and New Zealand),,5550,,,,14,Ad Hoc groups,5544,,,,,,,,,,,,,,,,,,,,,,,,,,5544,Group B – Peaking between 2025 and 2054,2049,2025,unknown,44.4,81.4,,,,,,,,
52,"Group B: Europe, Northern America, Australia and New Zealand",,5551,,,,14,Ad Hoc groups,5544,,,,,,,,,,,,,,,,,,,,,,,,,,5544,Group B – Peaking between 2025 and 2054,2045,2030,unknown,41.9,84.8,,,,,,,,
53,Group C – Growing through 2054,,5552,,,,14,Ad Hoc groups,5560,,,,,,,,,,,,,,,,,,,,,,,,,,5552,Group C – Growing through 2054,Beyond 2100,2085,unknown,,46.1,,,,,,,,
54,Group C: Sub-Saharan Africa,,5553,,,,14,Ad Hoc groups,5552,,,,,,,,,,,,,,,,,,,,,,,,,,5552,Group C – Growing through 2054,Beyond 2100,2099,unknown,,4.6,,,,,,,,
55,Group C: Northern Africa and Western Asia,,5554,,,,14,Ad Hoc groups,5552,,,,,,,,,,,,,,,,,,,,,,,,,,5552,Group C – Growing through 2054,Beyond 2100,2079,unknown,,34.2,,,,,,,,
56,Group C: Central and Southern Asia,,5555,,,,14,Ad Hoc groups,5552,,,,,,,,,,,,,,,,,,,,,,,,,,5552,Group C – Growing through 2054,2075,2053,unknown,46.6,86.9,,,,,,,,
57,Group C: Eastern and South-Eastern Asia,,5556,,,,14,Ad Hoc groups,5552,,,,,,,,,,,,,,,,,,,,,,,,,,5552,Group C – Growing through 2054,2061,2044,unknown,46.7,90.7,,,,,,,,
58,Group C: Latin America and the Caribbean,,5557,,,,14,Ad Hoc groups,5552,,,,,,,,,,,,,,,,,,,,,,,,,,5552,Group C – Growing through 2054,2067,2050,unknown,50.3,93.0,,,,,,,,
59,Group C: Oceania (excluding Australia and New Zealand),,5558,,,,14,Ad Hoc groups,5552,,,,,,,,,,,,,,,,,,,,,,,,,,5552,Group C – Growing through 2054,Beyond 2100,2049,unknown,,51.2,,,,,,,,
60,"Group C: Europe, Northern America, Australia and New Zealand",,5559,,,,14,Ad Hoc groups,5552,,,,,,,,,,,,,,,,,,,,,,,,,,5552,Group C – Growing through 2054,Beyond 2100,2042,unknown,,46.9,,,,,,,,
61,Geographic regions,,1840,,,,25,Label/Separator,900,,,,,,,,,,,,,,,,,,,,,,,,,,,,,,,,,,,,,,,,
62,AFRICA,,903,,,2,2,Geographic region,1840,,,,,,,,,,,,,,,,,,,,,,,,,,5552,Group C – Growing through 2054,Beyond 2100,2097,unknown,,8.9,,,,,,,,
63,Eastern Africa,,910,,,14,3,Subregion,903,,,,,,,,,,,,,,,,,,,,,,,,,,5552,Group C – Growing through 2054,Beyond 2100,2089,unknown,,17.4,,,,,,,,
64,Burundi,,108,BDI,BI,108,4,Country/Area,910,   900,910,Eastern Africa,,,947,Sub-Saharan Africa,903,Africa,,902,941,,948,1636,,,5504,,1859,,,,1500,,5552,Group C – Growing through 2054,Beyond 2100,2057,unknown,,68.0,5.0,5.35,5.18,1992,Yes,Yes,,
65,Comoros,,174,COM,KM,174,4,Country/Area,910,   900,910,Eastern Africa,,,947,Sub-Saharan Africa,903,Africa,,902,941,,948,,1637,,5504,,1859,1517,,1501,,,5552,Group C – Growing through 2054,Beyond 2100,2053,unknown,,41.4,0.0,0.03,0.03,2007,,,,
66,Djibouti,,262,DJI,DJ,262,4,Country/Area,910,   900,910,Eastern Africa,,,947,Sub-Saharan Africa,903,Africa,,902,941,,948,,,,5504,,1859,1517,,1501,,,5552,Group C – Growing through 2054,Beyond 2100,2026,unknown,,81.1,3.5,2.73,3.12,2001,Yes,Yes,,
67,Eritrea,,232,ERI,ER,232,4,Country/Area,910,   900,910,Eastern Africa,,,947,Sub-Saharan Africa,903,Africa,,902,941,,948,,,,5504,,1859,,,,1500,,5552,Group C – Growing through 2054,Beyond 2100,2052,unknown,,71.4,1.4,1.85,1.61,1996,,Yes,,
68,Ethiopia,,231,ETH,ET,231,4,Country/Area,910,   900,910,Eastern Africa,,,947,Sub-Saharan Africa,903,Africa,,902,941,,948,1636,,,5504,,1859,,,,1500,,5552,Group C – Growing through 2054,Beyond 2100,2082,unknown,,36.3,2.6,3.74,3.18,1995,Yes,Yes,,
69,Kenya,,404,KEN,KE,404,4,Country/Area,910,   900,910,Eastern Africa,,,947,Sub-Saharan Africa,903,Africa,,902,,934,948,,,,5504,,1859,1517,,1501,,,5552,Group C – Growing through 2054,2098,2060,unknown,51.8,57.4,7.2,12.76,9.97,1996,Yes,Yes,,
70,Madagascar,,450,MDG,MG,450,4,Country/Area,910,   900,910,Eastern Africa,,,947,Sub-Saharan Africa,903,Africa,,902,941,,948,,,,5504,,1859,,,,1500,,5552,Group C – Growing through 2054,Beyond 2100,2074,unknown,,27.4,0.2,0.58,0.41,2023,,,,
71,Malawi,,454,MWI,MW,454,4,Country/Area,910,   900,910,Eastern Africa,,,947,Sub-Saharan Africa,903,Africa,,902,941,,948,1636,,,5504,,1859,,,,1500,,5552,Group C – Growing through 2054,Beyond 2100,2057,unknown,,53.2,13.0,17.01,15.07,1998,Yes,Yes,,
72,Mauritius,1,480,MUS,MU,480,4,Country/Area,910,   900,910,Eastern Africa,,,947,Sub-Saharan Africa,903,Africa,,902,,934,948,,1637,5503,,,1859,1517,1502,,,,5536,Group A – Peaked by 2024,2015,,,,,1.6,1.48,1.49,2014,,Yes,,
73,Mayotte,2,175,MYT,YT,175,4,Country/Area,910,   900,910,Eastern Africa,,,947,Sub-Saharan Africa,903,Africa,,902,,934,948,,,5503,,1503,,,,,,,5552,Group C – Growing through 2054,Beyond 2100,2055,unknown,,37.7,,,,,,,,
74,Mozambique,,508,MOZ,MZ,508,4,Country/Area,910,   900,910,Eastern Africa,,,947,Sub-Saharan Africa,903,Africa,,902,941,,948,,,,5504,,1859,,,,1500,,5552,Group C – Growing through 2054,Beyond 2100,2067,unknown,,53.6,9.6,15.34,12.38,2016,Yes,Yes,,
75,Réunion,2,638,REU,RE,638,4,Country/Area,910,   900,910,Eastern Africa,,,947,Sub-Saharan Africa,903,Africa,,902,,934,948,,,5503,,1503,,,,,,,5544,Group B – Peaking between 2025 and 2054,2050,2025,unknown,43.5,83.9,,,,,,,,
76,Rwanda,,646,RWA,RW,646,4,Country/Area,910,   900,910,Eastern Africa,,,947,Sub-Saharan Africa,903,Africa,,902,941,,948,1636,,,5504,,1859,,,,1500,,5552,Group C – Growing through 2054,Beyond 2100,2038,unknown,,79.9,4.1,5.77,4.96,1997,Yes,Yes,,
77,Seychelles,,690,SYC,SC,690,4,Country/Area,910,   900,910,Eastern Africa,,,947,Sub-Saharan Africa,903,Africa,,902,,934,948,,1637,5503,,1503,,,,,,,5544,Group B – Peaking between 2025 and 2054,2043,2029,unknown,42.3,82.0,,,,,,,,
78,Somalia,,706,SOM,SO,706,4,Country/Area,910,   900,910,Eastern Africa,,,947,Sub-Saharan Africa,903,Africa,,902,941,,948,,,,5504,,1859,,,,1500,,5552,Group C – Growing through 2054,Beyond 2100,2058,unknown,,54.2,0.4,0.41,0.39,1997,,,,
79,South Sudan,,728,SSD,SS,728,4,Country/Area,910,   900,910,Eastern Africa,,,947,Sub-Saharan Africa,903,Africa,,902,941,,948,1636,,,5504,,1859,,,,1500,,5552,Group C – Growing through 2054,Beyond 2100,2041,unknown,,73.8,2.1,2.97,2.54,2004,,Yes,,
80,Uganda,,800,UGA,UG,800,4,Country/Area,910,   900,910,Eastern Africa,,,947,Sub-Saharan Africa,903,Africa,,902,941,,948,1636,,,5504,,1859,,,,1500,,5552,Group C – Growing through 2054,Beyond 2100,2066,unknown,,59.2,7.9,10.92,9.41,1991,Yes,Yes,,
81,United Republic of Tanzania,3,834,TZA,TZ,834,4,Country/Area,910,   900,910,Eastern Africa,,,947,Sub-Saharan Africa,903,Africa,,902,941,,948,,,,5504,,1859,1517,,1501,,,5552,Group C – Growing through 2054,Beyond 2100,2081,unknown,,16.8,6.2,9.32,7.78,1996,Yes,Yes,,
82,Zambia,,894,ZMB,ZM,894,4,Country/Area,910,   900,910,Eastern Africa,,,947,Sub-Saharan Africa,903,Africa,,902,941,,948,1636,,,5504,,1859,1517,,1501,,,5552,Group C – Growing through 2054,Beyond 2100,2067,unknown,,28.1,11.9,18.24,15.19,1998,Yes,Yes,,
83,Zimbabwe,,716,ZWE,ZW,716,4,Country/Area,910,   900,910,Eastern Africa,,,947,Sub-Saharan Africa,903,Africa,,902,,934,948,1636,,,5504,,1859,1517,,1501,,,5552,Group C – Growing through 2054,Beyond 2100,2064,unknown,,65.7,22.3,28.66,25.47,1996,Yes,Yes,,
84,Middle Africa,,911,   ,,17,3,Subregion,903,,,,,,,,,,,,,,,,,,,,,,,,,,5552,Group C – Growing through 2054,Beyond 2100,2091,unknown,,18.3,,,,,,,,
85,Angola,,24,AGO,AO,24,4,Country/Area,911,   900,911,Middle Africa,,,947,Sub-Saharan Africa,903,Africa,,902,941,,948,,,,5504,,1859,1517,,1501,,,5552,Group C – Growing through 2054,Beyond 2100,2065,unknown,,28.6,1.4,2.38,1.91,2011,Yes,Yes,,
86,Cameroon,,120,CMR,CM,120,4,Country/Area,911,   900,911,Middle Africa,,,947,Sub-Saharan Africa,903,Africa,,902,,934,948,,,,5504,,1859,1517,,1501,,,5552,Group C – Growing through 2054,Beyond 2100,2080,unknown,,23.7,3.7,6.37,5.02,2002,Yes,Yes,,
87,Central African Republic,,140,CAF,CF,140,4,Country/Area,911,   900,911,Middle Africa,,,947,Sub-Saharan Africa,903,Africa,,902,941,,948,1636,,,5504,,1859,,,,1500,,5552,Group C – Growing through 2054,Beyond 2100,2058,unknown,,58.2,6.2,9.36,8.01,1997,Yes,Yes,,
88,Chad,,148,TCD,TD,148,4,Country/Area,911,   900,911,Middle Africa,,,947,Sub-Saharan Africa,903,Africa,,902,941,,948,1636,,,5504,,1859,,,,1500,,5552,Group C – Growing through 2054,Beyond 2100,2069,unknown,,55.8,1.8,2.31,2.05,1998,,Yes,,
89,Congo,,178,COG,CG,178,4,Country/Area,911,   900,911,Middle Africa,,,947,Sub-Saharan Africa,903,Africa,,902,,934,948,,,,5504,,1859,1517,,1501,,,5552,Group C – Growing through 2054,Beyond 2100,2075,unknown,,32.8,3.5,6.05,4.73,1993,Yes,Yes,,
90,Democratic Republic of the Congo,,180,COD,CD,180,4,Country/Area,911,   900,911,Middle Africa,,,947,Sub-Saharan Africa,903,Africa,,902,941,,948,,,,5504,,1859,,,,1500,,5552,Group C – Growing through 2054,Beyond 2100,2095,unknown,,13.4,1.7,2.18,1.93,1995,,Yes,,
91,Equatorial Guinea,,226,GNQ,GQ,226,4,Country/Area,911,   900,911,Middle Africa,,,947,Sub-Saharan Africa,903,Africa,,902,,934,948,,,5503,,,1859,1517,1502,,,,5552,Group C – Growing through 2054,Beyond 2100,2042,unknown,,52.1,5.4,8.90,6.81,2020,Yes,Yes,,
92,Gabon,,266,GAB,GA,266,4,Country/Area,911,   900,911,Middle Africa,,,947,Sub-Saharan Africa,903,Africa,,902,,934,948,,,5503,,,1859,1517,1502,,,,5552,Group C – Growing through 2054,Beyond 2100,2065,unknown,,22.5,2.7,7.53,5.10,2001,Yes,Yes,,
93,Sao Tome and Principe,,678,STP,ST,678,4,Country/Area,911,   900,911,Middle Africa,,,947,Sub-Saharan Africa,903,Africa,,902,941,,948,,1637,,5504,,1859,1517,,1501,,,5552,Group C – Growing through 2054,Beyond 2100,2047,unknown,,49.7,3.3,2.80,3.04,1996,Yes,Yes,,
94,Northern Africa,,912,   ,,15,3,Subregion,903,,,,,,,,,,,,,,,,,,,,,,,,,,5552,Group C – Growing through 2054,Beyond 2100,2063,unknown,,59.1,,,,,,,,
95,Algeria,,12,DZA,DZ,12,4,Country/Area,912,   900,912,Northern Africa,,,1833,Northern Africa and Western Asia,903,Africa,,902,,934,948,,,,5504,,1859,1517,,1501,,,5552,Group C – Growing through 2054,2091,2045,unknown,53.7,71.9,0.1,0.09,0.09,2023,,,,
96,Egypt,,818,EGY,EG,818,4,Country/Area,912,   900,912,Northern Africa,,,1833,Northern Africa and Western Asia,903,Africa,,902,,934,948,,,,5504,,1859,1517,,1501,,,5552,Group C – Growing through 2054,Beyond 2100,2059,unknown,,60.7,0.1,0.02,0.06,2023,,,,
97,Libya,,434,LBY,LY,434,4,Country/Area,912,   900,912,Northern Africa,,,1833,Northern Africa and Western Asia,903,Africa,,902,,934,948,,,5503,,,1859,1517,1502,,,,5552,Group C – Growing through 2054,2087,2033,unknown,56.2,83.0,0.2,0.13,0.16,2021,,,,
98,Morocco,,504,MAR,MA,504,4,Country/Area,912,   900,912,Northern Africa,,,1833,Northern Africa and Western Asia,903,Africa,,902,,934,948,,,,5504,,1859,1517,,1501,,,5552,Group C – Growing through 2054,2058,2037,unknown,48.4,92.6,0.1,0.08,0.08,2011,,,,
99,Sudan,,729,SDN,SD,729,4,Country/Area,912,   900,912,Northern Africa,,,1833,Northern Africa and Western Asia,903,Africa,,902,941,,948,,,,5504,,1859,,,,1500,,5552,Group C – Growing through 2054,Beyond 2100,2055,unknown,,52.1,0.1,0.14,0.14,2023,,,,
100,Tunisia,,788,TUN,TN,788,4,Country/Area,912,   900,912,Northern Africa,,,1833,Northern Africa and Western Asia,903,Africa,,902,,934,948,,,,5504,,1859,1517,,1501,,,5544,Group B – Peaking between 2025 and 2054,2052,2026,unknown,48.1,87.1,0.1,0.07,0.10,2023,,,,
101,Western Sahara,,732,ESH,EH,732,4,Country/Area,912,   900,912,Northern Africa,,,1833,Northern Africa and Western Asia,903,Africa,,902,,934,948,,,,,,,,,,,1518,5552,Group C – Growing through 2054,2089,2028,unknown,57.9,69.4,,,,,,,,
102,Southern Africa,,913,   ,,18,3,Subregion,903,,,,,,,,,,,,,,,,,,,,,,,,,,5552,Group C – Growing through 2054,Beyond 2100,2052,unknown,,50.6,,,,,,,,
103,Botswana,,72,BWA,BW,72,4,Country/Area,913,   900,913,Southern Africa,,,947,Sub-Saharan Africa,903,Africa,,902,,934,948,1636,,5503,,,1859,1517,1502,,,,5552,Group C – Growing through 2054,2088,2032,unknown,55.6,76.9,20.6,29.70,25.30,2000,Yes,Yes,,
104,Eswatini,,748,SWZ,SZ,748,4,Country/Area,913,   900,913,Southern Africa,,,947,Sub-Saharan Africa,903,Africa,,902,,934,948,1636,,,5504,,1859,1517,,1501,,,5552,Group C – Growing through 2054,2063,2034,unknown,45.8,93.0,22.9,38.45,29.93,2015,Yes,Yes,,
105,Lesotho,,426,LSO,LS,426,4,Country/Area,913,   900,913,Southern Africa,,,947,Sub-Saharan Africa,903,Africa,,902,941,,948,1636,,,5504,,1859,1517,,1501,,,5552,Group C – Growing through 2054,2083,2033,unknown,49.8,68.8,19.8,29.24,24.56,2012,Yes,Yes,,
106,Namibia,,516,NAM,NA,516,4,Country/Area,913,   900,913,Southern Africa,,,947,Sub-Saharan Africa,903,Africa,,902,,934,948,,,5503,,,1859,1517,1502,,,,5552,Group C – Growing through 2054,Beyond 2100,2049,unknown,,66.0,11.1,16.88,14.06,2002,Yes,Yes,,
107,South Africa,,710,ZAF,ZA,710,4,Country/Area,913,   900,913,Southern Africa,,,947,Sub-Saharan Africa,903,Africa,,902,,934,948,,,5503,,,1859,1517,1502,,,,5552,Group C – Growing through 2054,Beyond 2100,2048,unknown,,50.5,13.2,24.46,18.84,2017,Yes,Yes,,
108,Western Africa,,914,   ,,11,3,Subregion,903,,,,,,,,,,,,,,,,,,,,,,,,,,5552,Group C – Growing through 2054,Beyond 2100,2084,unknown,,32.7,,,,,,,,
109,Benin,,204,BEN,BJ,204,4,Country/Area,914,   900,914,Western Africa,,,947,Sub-Saharan Africa,903,Africa,,902,941,,948,,,,5504,,1859,1517,,1501,,,5552,Group C – Growing through 2054,Beyond 2100,2065,unknown,,37.9,1.3,1.83,1.56,1999,,Yes,,
110,Burkina Faso,,854,BFA,BF,854,4,Country/Area,914,   900,914,Western Africa,,,947,Sub-Saharan Africa,903,Africa,,902,941,,948,1636,,,5504,,1859,,,,1500,,5552,Group C – Growing through 2054,Beyond 2100,2056,unknown,,54.7,2.3,2.85,2.56,1993,,Yes,,
111,Cabo Verde,,132,CPV,CV,132,4,Country/Area,914,   900,914,Western Africa,,,947,Sub-Saharan Africa,903,Africa,,902,,934,948,,1637,,5504,,1859,1517,,1501,,,5544,Group B – Peaking between 2025 and 2054,2052,2025,unknown,47.7,83.9,0.9,1.03,0.89,2021,,Yes,,
112,Côte d'Ivoire,,384,CIV,CI,384,4,Country/Area,914,   900,914,Western Africa,,,947,Sub-Saharan Africa,903,Africa,,902,,934,948,,,,5504,,1859,1517,,1501,,,5552,Group C – Growing through 2054,Beyond 2100,2067,unknown,,20.1,5.8,9.07,7.39,1996,Yes,Yes,,
113,Gambia,,270,GMB,GM,270,4,Country/Area,914,   900,914,Western Africa,,,947,Sub-Saharan Africa,903,Africa,,902,941,,948,,,,5504,,1859,,,,1500,,5552,Group C – Growing through 2054,Beyond 2100,2055,unknown,,56.7,1.7,2.23,1.96,2007,,Yes,,
114,Ghana,,288,GHA,GH,288,4,Country/Area,914,   900,914,Western Africa,,,947,Sub-Saharan Africa,903,Africa,,902,,934,948,,,,5504,,1859,1517,,1501,,,5552,Group C – Growing through 2054,Beyond 2100,2057,unknown,,49.1,1.8,3.38,2.63,1998,Yes,Yes,,
115,Guinea,,324,GIN,GN,324,4,Country/Area,914,   900,914,Western Africa,,,947,Sub-Saharan Africa,903,Africa,,902,941,,948,,,,5504,,1859,1517,,1501,,,5552,Group C – Growing through 2054,Beyond 2100,2061,unknown,,57.1,1.4,2.07,1.73,2003,,Yes,,
116,Guinea-Bissau,,624,GNB,GW,624,4,Country/Area,914,   900,914,Western Africa,,,947,Sub-Saharan Africa,903,Africa,,902,941,,948,,1637,,5504,,1859,,,,1500,,5552,Group C – Growing through 2054,Beyond 2100,2039,unknown,,71.6,3.6,5.23,4.46,2004,Yes,Yes,,
117,Liberia,,430,LBR,LR,430,4,Country/Area,914,   900,914,Western Africa,,,947,Sub-Saharan Africa,903,Africa,,902,941,,948,,,,5504,,1859,,,,1500,,5552,Group C – Growing through 2054,Beyond 2100,2042,unknown,,81.7,1.9,2.57,2.24,1999,Yes,Yes,,
118,Mali,,466,MLI,ML,466,4,Country/Area,914,   900,914,Western Africa,,,947,Sub-Saharan Africa,903,Africa,,902,941,,948,1636,,,5504,,1859,,,,1500,,5552,Group C – Growing through 2054,Beyond 2100,2069,unknown,,28.7,1.3,2.22,1.74,1998,,Yes,,
119,Mauritania,,478,MRT,MR,478,4,Country/Area,914,   900,914,Western Africa,,,947,Sub-Saharan Africa,903,Africa,,902,941,,948,,,,5504,,1859,1517,,1501,,,5552,Group C – Growing through 2054,Beyond 2100,2081,unknown,,17.3,0.7,0.59,0.63,2002,,,,
120,Niger,,562,NER,NE,562,4,Country/Area,914,   900,914,Western Africa,,,947,Sub-Saharan Africa,903,Africa,,902,941,,948,1636,,,5504,,1859,,,,1500,,5552,Group C – Growing through 2054,Beyond 2100,2079,unknown,,21.2,0.9,0.79,0.82,1999,,,,
121,Nigeria,,566,NGA,NG,566,4,Country/Area,914,   900,914,Western Africa,,,947,Sub-Saharan Africa,903,Africa,,902,,934,948,,,,5504,,1859,1517,,1501,,,5552,Group C – Growing through 2054,Beyond 2100,2061,unknown,,48.4,1.4,2.13,1.77,1999,,Yes,,
122,Saint Helena,4,654,SHN,SH,654,4,Country/Area,914,   900,914,Western Africa,,,947,Sub-Saharan Africa,903,Africa,,902,,934,948,,,,,,,,,,,1518,5536,Group A – Peaked by 2024,1987,,,,,,,,,,,,Yes
123,Senegal,,686,SEN,SN,686,4,Country/Area,914,   900,914,Western Africa,,,947,Sub-Saharan Africa,903,Africa,,902,941,,948,,,,5504,,1859,1517,,1501,,,5552,Group C – Growing through 2054,Beyond 2100,2057,unknown,,37.9,0.8,0.71,0.75,2002,,,,
124,Sierra Leone,,694,SLE,SL,694,4,Country/Area,914,   900,914,Western Africa,,,947,Sub-Saharan Africa,903,Africa,,902,941,,948,,,,5504,,1859,,,,1500,,5552,Group C – Growing through 2054,2093,2048,unknown,56.4,77.9,1.5,2.00,1.73,2003,,Yes,,
125,Togo,,768,TGO,TG,768,4,Country/Area,914,   900,914,Western Africa,,,947,Sub-Saharan Africa,903,Africa,,902,941,,948,,,,5504,,1859,,,,1500,,5552,Group C – Growing through 2054,Beyond 2100,2067,unknown,,50.6,3.1,4.63,3.88,2000,Yes,Yes,,
126,ASIA,,935,,,142,2,Geographic region,1840,,,,,,,,,,,,,,,,,,,,,,,,,,5544,Group B – Peaking between 2025 and 2054,2054,2045,2085,49.1,98.2,,,,,,,,
127,Central Asia,,5500,   ,,143,3,Subregion,935,,,,,,,,,,,,,,,,,,,,,,,,,,5552,Group C – Growing through 2054,Beyond 2100,2061,unknown,,42.4,,,,,,,,
128,Kazakhstan,,398,KAZ,KZ,398,4,Country/Area,5500,   900,5500,Central Asia,,,921,Central and Southern Asia,935,Asia,,902,,934,948,1636,,5503,,,1859,1517,1502,,,,5552,Group C – Growing through 2054,Beyond 2100,2028,unknown,,55.9,0.4,0.29,0.36,2023,,,,
129,Kyrgyzstan,,417,KGZ,KG,417,4,Country/Area,5500,   900,5500,Central Asia,,,921,Central and Southern Asia,935,Asia,,902,,934,948,1636,,,5504,,1859,1517,,1501,,,5552,Group C – Growing through 2054,Beyond 2100,2037,unknown,,63.4,0.3,0.22,0.26,2023,,,,
130,Tajikistan,,762,TJK,TJ,762,4,Country/Area,5500,   900,5500,Central Asia,,,921,Central and Southern Asia,935,Asia,,902,,934,948,1636,,,5504,,1859,1517,,1501,,,5552,Group C – Growing through 2054,Beyond 2100,2053,unknown,,58.0,0.3,0.18,0.23,2023,,,,
131,Turkmenistan,,795,TKM,TM,795,4,Country/Area,5500,   900,5500,Central Asia,,,921,Central and Southern Asia,935,Asia,,902,,934,948,1636,,5503,,,1859,1517,1502,,,,5552,Group C – Growing through 2054,2079,2047,unknown,47.7,74.7,3.5,1.72,2.63,2023,Yes,Yes,,
132,Uzbekistan,,860,UZB,UZ,860,4,Country/Area,5500,   900,5500,Central Asia,,,921,Central and Southern Asia,935,Asia,,902,,934,948,1636,,,5504,,1859,1517,,1501,,,5552,Group C – Growing through 2054,Beyond 2100,2061,unknown,,31.0,0.3,0.32,0.34,2023,,,,
133,Eastern Asia,,906,   ,,30,3,Subregion,935,,,,,,,,,,,,,,,,,,,,,,,,,,5536,Group A – Peaked by 2024,2021,,,,,,,,,,,,
134,China,5,156,CHN,CN,156,4,Country/Area,906,   900,906,Eastern Asia,,,1832,Eastern and South-Eastern Asia,935,Asia,,902,,934,,,,5503,,,1859,1517,1502,,,,5536,Group A – Peaked by 2024,2021,,,,,0.2,0.10,0.16,2023,,,,
135,"China, Hong Kong SAR",6,344,HKG,HK,344,4,Country/Area,906,   900,906,Eastern Asia,,,1832,Eastern and South-Eastern Asia,935,Asia,,902,,934,,,,5503,,1503,,,,,,,5536,Group A – Peaked by 2024,2020,,,,,,,,,,,,
136,"China, Macao SAR",7,446,MAC,MO,446,4,Country/Area,906,   900,906,Eastern Asia,,,1832,Eastern and South-Eastern Asia,935,Asia,,902,,934,,,,5503,,1503,,,,,,,5544,Group B – Peaking between 2025 and 2054,2032,2024,2100,36.3,98.2,,,,,,,,
137,"China, Taiwan Province of China",8,158,TWN,TW,158,4,Country/Area,906,   900,906,Eastern Asia,,,1832,Eastern and South-Eastern Asia,935,Asia,,902,,934,,,,5503,,1503,,,,,,,5536,Group A – Peaked by 2024,2020,,,,,,,,,,,,
138,Dem. People's Republic of Korea,,408,PRK,KP,408,4,Country/Area,906,   900,906,Eastern Asia,,,1832,Eastern and South-Eastern Asia,935,Asia,,902,,934,948,,,,5504,,1859,,,,1500,,5544,Group B – Peaking between 2025 and 2054,2032,2024,unknown,44.4,95.4,0.1,0.10,0.11,2023,,,,
139,Japan,,392,JPN,JP,392,4,Country/Area,906,   900,906,Eastern Asia,,,1832,Eastern and South-Eastern Asia,935,Asia,901,,,,,,,5503,,1503,,,,,,,5536,Group A – Peaked by 2024,2010,,,,,0.1,0.01,0.03,2022,,,,
140,Mongolia,,496,MNG,MN,496,4,Country/Area,906,   900,906,Eastern Asia,,,1832,Eastern and South-Eastern Asia,935,Asia,,902,,934,948,1636,,,5504,,1859,1517,,1501,,,5552,Group C – Growing through 2054,Beyond 2100,2045,unknown,,51.2,0.0,0.01,0.03,2021,,,,
141,Republic of Korea,,410,KOR,KR,410,4,Country/Area,906,   900,906,Eastern Asia,,,1832,Eastern and South-Eastern Asia,935,Asia,,902,,934,948,,,5503,,1503,,,,,,,5536,Group A – Peaked by 2024,2021,,,,,0.1,0.01,0.05,2022,,,,
142,Southern Asia,,5501,   ,,34,3,Subregion,935,,,,,,,,,,,,,,,,,,,,,,,,,,5552,Group C – Growing through 2054,2073,2052,unknown,45.0,88.2,,,,,,,,
143,Afghanistan,,4,AFG,AF,4,4,Country/Area,5501,   900,5501,Southern Asia,,,921,Central and Southern Asia,935,Asia,,902,941,,948,1636,,,5504,,1859,,,,1500,,5552,Group C – Growing through 2054,Beyond 2100,2049,unknown,,67.8,0.1,0.03,0.05,2009,,,,
144,Bangladesh,,50,BGD,BD,50,4,Country/Area,5501,   900,5501,Southern Asia,,,921,Central and Southern Asia,935,Asia,,902,941,,948,,,,5504,,1859,1517,,1501,,,5552,Group C – Growing through 2054,2071,2044,unknown,49.7,86.5,0.0,0.01,0.01,2023,,,,
145,Bhutan,,64,BTN,BT,64,4,Country/Area,5501,   900,5501,Southern Asia,,,921,Central and Southern Asia,935,Asia,,902,,934,948,1636,,,5504,,1859,1517,,1501,,,5544,Group B – Peaking between 2025 and 2054,2052,2024,unknown,45.3,96.1,0.2,0.19,0.21,2008,,,,
146,India,,356,IND,IN,356,4,Country/Area,5501,   900,5501,Southern Asia,,,921,Central and Southern Asia,935,Asia,,902,,934,948,,,,5504,,1859,1517,,1501,,,5552,Group C – Growing through 2054,2062,2041,unknown,47.7,91.3,0.7,0.45,0.57,1999,,,,
147,Iran (Islamic Republic of),,364,IRN,IR,364,4,Country/Area,5501,   900,5501,Southern Asia,,,921,Central and Southern Asia,935,Asia,,902,,934,948,,,,5504,,1859,1517,,1501,,,5544,Group B – Peaking between 2025 and 2054,2053,2029,unknown,46.1,97.3,0.2,0.06,0.11,2009,,,,
148,Maldives,,462,MDV,MV,462,4,Country/Area,5501,   900,5501,Southern Asia,,,921,Central and Southern Asia,935,Asia,,902,,934,948,,1637,5503,,,1859,1517,1502,,,,5552,Group C – Growing through 2054,2058,2024,unknown,47.7,83.2,0.0,0.01,0.02,2023,,,,
149,Nepal,,524,NPL,NP,524,4,Country/Area,5501,   900,5501,Southern Asia,,,921,Central and Southern Asia,935,Asia,,902,941,,948,1636,,,5504,,1859,1517,,1501,,,5552,Group C – Growing through 2054,2067,2022,unknown,47.8,89.3,0.3,0.14,0.23,2006,,,,
150,Pakistan,,586,PAK,PK,586,4,Country/Area,5501,   900,5501,Southern Asia,,,921,Central and Southern Asia,935,Asia,,902,,934,948,,,,5504,,1859,1517,,1501,,,5552,Group C – Growing through 2054,Beyond 2100,2058,unknown,,51.6,0.3,0.08,0.21,2023,,,,
151,Sri Lanka,,144,LKA,LK,144,4,Country/Area,5501,   900,5501,Southern Asia,,,921,Central and Southern Asia,935,Asia,,902,,934,948,,,,5504,,1859,1517,,1501,,,5544,Group B – Peaking between 2025 and 2054,2051,2025,unknown,44.9,89.0,0.0,0.02,0.03,2008,,,,
152,South-Eastern Asia,,920,   ,,35,3,Subregion,935,,,,,,,,,,,,,,,,,,,,,,,,,,5544,Group B – Peaking between 2025 and 2054,2054,2043,unknown,46.3,96.0,,,,,,,,
153,Brunei Darussalam,,96,BRN,BN,96,4,Country/Area,920,   900,920,South-Eastern Asia,,,1832,Eastern and South-Eastern Asia,935,Asia,,902,,934,948,,,5503,,1503,,,,,,,5552,Group C – Growing through 2054,2055,2026,unknown,43.6,79.5,0.1,0.02,0.04,2023,,,,
154,Cambodia,,116,KHM,KH,116,4,Country/Area,920,   900,920,South-Eastern Asia,,,1832,Eastern and South-Eastern Asia,935,Asia,,902,941,,948,,,,5504,,1859,1517,,1501,,,5552,Group C – Growing through 2054,2078,2027,unknown,51.0,85.2,1.4,1.11,1.25,2000,,Yes,,
155,Indonesia,,360,IDN,ID,360,4,Country/Area,920,   900,920,South-Eastern Asia,,,1832,Eastern and South-Eastern Asia,935,Asia,,902,,934,948,,,5503,,,1859,1517,1502,,,,5552,Group C – Growing through 2054,2059,2038,unknown,45.8,83.8,0.5,0.27,0.37,2016,,,,
156,Lao People's Democratic Republic,,418,LAO,LA,418,4,Country/Area,920,   900,920,South-Eastern Asia,,,1832,Eastern and South-Eastern Asia,935,Asia,,902,941,,948,1636,,,5504,,1859,1517,,1501,,,5552,Group C – Growing through 2054,2068,2042,unknown,45.8,78.7,0.5,0.29,0.37,2023,,,,
157,Malaysia,9,458,MYS,MY,458,4,Country/Area,920,   900,920,South-Eastern Asia,,,1832,Eastern and South-Eastern Asia,935,Asia,,902,,934,948,,,5503,,,1859,1517,1502,,,,5552,Group C – Growing through 2054,2073,2036,unknown,46.4,67.0,0.7,0.14,0.39,2009,,,,
158,Myanmar,,104,MMR,MM,104,4,Country/Area,920,   900,920,South-Eastern Asia,,,1832,Eastern and South-Eastern Asia,935,Asia,,902,941,,948,,,,5504,,1859,1517,,1501,,,5544,Group B – Peaking between 2025 and 2054,2049,2029,unknown,48.1,86.2,1.1,0.75,0.88,2017,,Yes,,
159,Philippines,,608,PHL,PH,608,4,Country/Area,920,   900,920,South-Eastern Asia,,,1832,Eastern and South-Eastern Asia,935,Asia,,902,,934,948,,,,5504,,1859,1517,,1501,,,5552,Group C – Growing through 2054,2057,2036,unknown,45.3,91.5,0.5,0.04,0.30,2023,,,,
160,Singapore,,702,SGP,SG,702,4,Country/Area,920,   900,920,South-Eastern Asia,,,1832,Eastern and South-Eastern Asia,935,Asia,,902,,934,948,,1637,5503,,1503,,,,,,,5544,Group B – Peaking between 2025 and 2054,2040,2024,unknown,39.8,90.5,0.3,0.04,0.17,2020,,,,
161,Thailand,,764,THA,TH,764,4,Country/Area,920,   900,920,South-Eastern Asia,,,1832,Eastern and South-Eastern Asia,935,Asia,,902,,934,948,,,5503,,,1859,1517,1502,,,,5536,Group A – Peaked by 2024,2022,,,,,3.4,1.64,2.34,1997,Yes,Yes,,
162,Timor-Leste,,626,TLS,TL,626,4,Country/Area,920,   900,920,South-Eastern Asia,,,1832,Eastern and South-Eastern Asia,935,Asia,,902,941,,948,,1637,,5504,,1859,1517,,1501,,,5552,Group C – Growing through 2054,2077,2029,unknown,51.6,91.5,0.2,0.15,0.16,2021,,,,
163,Viet Nam,,704,VNM,VN,704,4,Country/Area,920,   900,920,South-Eastern Asia,,,1832,Eastern and South-Eastern Asia,935,Asia,,902,,934,948,,,,5504,,1859,1517,,1501,,,5544,Group B – Peaking between 2025 and 2054,2050,2032,unknown,49.7,93.5,0.5,0.23,0.37,2015,,,,
164,Western Asia,,922,   ,,145,3,Subregion,935,,,,,,,,,,,,,,,,,,,,,,,,,,5552,Group C – Growing through 2054,Beyond 2100,2069,unknown,,57.5,,,,,,,,
165,Armenia,,51,ARM,AM,51,4,Country/Area,922,   900,922,Western Asia,,,1833,Northern Africa and Western Asia,935,Asia,,902,,934,948,1636,,5503,,,1859,1517,1502,,,,5536,Group A – Peaked by 2024,1992,,,,,0.6,0.18,0.36,2023,,,,
166,Azerbaijan,10,31,AZE,AZ,31,4,Country/Area,922,   900,922,Western Asia,,,1833,Northern Africa and Western Asia,935,Asia,,902,,934,948,1636,,5503,,,1859,1517,1502,,,,5544,Group B – Peaking between 2025 and 2054,2051,2023,unknown,45.5,85.1,0.2,0.10,0.15,2023,,,,
167,Bahrain,,48,BHR,BH,48,4,Country/Area,922,   900,922,Western Asia,,,1833,Northern Africa and Western Asia,935,Asia,,902,,934,948,,,5503,,1503,,,,,,,5552,Group C – Growing through 2054,Beyond 2100,2036,unknown,,64.1,0.1,0.03,0.05,1993,,,,
168,Cyprus,11,196,CYP,CY,196,4,Country/Area,922,   900,922,Western Asia,,,1833,Northern Africa and Western Asia,935,Asia,,902,,934,948,,,5503,,1503,,,,,,,5544,Group B – Peaking between 2025 and 2054,2052,2027,unknown,42.8,76.4,0.2,0.05,0.15,2021,,,,
169,Georgia,12,268,GEO,GE,268,4,Country/Area,922,   900,922,Western Asia,,,1833,Northern Africa and Western Asia,935,Asia,,902,,934,948,,,5503,,,1859,1517,1502,,,,5536,Group A – Peaked by 2024,1989,,,,,0.4,0.21,0.33,2023,,,,
170,Iraq,,368,IRQ,IQ,368,4,Country/Area,922,   900,922,Western Asia,,,1833,Northern Africa and Western Asia,935,Asia,,902,,934,948,,,5503,,,1859,1517,1502,,,,5552,Group C – Growing through 2054,Beyond 2100,2060,unknown,,62.3,0.0,0.01,0.02,2023,,,,
171,Israel,,376,ISR,IL,376,4,Country/Area,922,   900,922,Western Asia,,,1833,Northern Africa and Western Asia,935,Asia,,902,,934,948,,,5503,,1503,,,,,,,5552,Group C – Growing through 2054,Beyond 2100,2029,unknown,,55.6,0.2,0.06,0.12,2019,,,,
172,Jordan,,400,JOR,JO,400,4,Country/Area,922,   900,922,Western Asia,,,1833,Northern Africa and Western Asia,935,Asia,,902,,934,948,,,,5504,,1859,1517,,1501,,,5552,Group C – Growing through 2054,Beyond 2100,2045,unknown,,74.5,0.0,0.00,0.01,2021,,,,
173,Kuwait,,414,KWT,KW,414,4,Country/Area,922,   900,922,Western Asia,,,1833,Northern Africa and Western Asia,935,Asia,,902,,934,948,,,5503,,1503,,,,,,,5552,Group C – Growing through 2054,Beyond 2100,2026,unknown,,74.5,0.0,0.01,0.03,2023,,,,
174,Lebanon,,422,LBN,LB,422,4,Country/Area,922,   900,922,Western Asia,,,1833,Northern Africa and Western Asia,935,Asia,,902,,934,948,,,,5504,,1859,1517,,1501,,,5552,Group C – Growing through 2054,2080,2015,unknown,53.8,86.8,0.2,0.02,0.09,2017,,,,
175,Oman,,512,OMN,OM,512,4,Country/Area,922,   900,922,Western Asia,,,1833,Northern Africa and Western Asia,935,Asia,,902,,934,948,,,5503,,1503,,,,,,,5552,Group C – Growing through 2054,Beyond 2100,2040,unknown,,65.1,0.1,0.05,0.07,2023,,,,
176,Qatar,,634,QAT,QA,634,4,Country/Area,922,   900,922,Western Asia,,,1833,Northern Africa and Western Asia,935,Asia,,902,,934,948,,,5503,,1503,,,,,,,5552,Group C – Growing through 2054,Beyond 2100,2029,unknown,,67.2,0.0,0.03,0.04,2023,,,,
177,Saudi Arabia,,682,SAU,SA,682,4,Country/Area,922,   900,922,Western Asia,,,1833,Northern Africa and Western Asia,935,Asia,,902,,934,948,,,5503,,1503,,,,,,,5552,Group C – Growing through 2054,Beyond 2100,2058,unknown,,38.1,0.1,0.05,0.07,2001,,,,
178,State of Palestine,13,275,PSE,PS,275,4,Country/Area,922,   900,922,Western Asia,,,1833,Northern Africa and Western Asia,935,Asia,,902,,934,948,,,5503,,,1859,1517,1502,,,,5552,Group C – Growing through 2054,Beyond 2100,2032,unknown,,65.2,,,,,,,,
179,Syrian Arab Republic,,760,SYR,SY,760,4,Country/Area,922,   900,922,Western Asia,,,1833,Northern Africa and Western Asia,935,Asia,,902,,934,948,,,,5504,,1859,,,,1500,,5552,Group C – Growing through 2054,2086,2034,unknown,54.6,78.2,0.0,0.00,0.00,2023,,,,
180,Türkiye,,792,TUR,TR,792,4,Country/Area,922,   900,922,Western Asia,,,1833,Northern Africa and Western Asia,935,Asia,,902,,934,948,,,5503,,,1859,1517,1502,,,,5544,Group B – Peaking between 2025 and 2054,2047,2024,unknown,50.4,95.7,0.1,0.03,0.08,2023,,,,
181,United Arab Emirates,,784,ARE,AE,784,4,Country/Area,922,   900,922,Western Asia,,,1833,Northern Africa and Western Asia,935,Asia,,902,,934,948,,,5503,,1503,,,,,,,5552,Group C – Growing through 2054,Beyond 2100,2030,unknown,,66.1,0.0,0.01,0.02,2023,,,,
182,Yemen,,887,YEM,YE,887,4,Country/Area,922,   900,922,Western Asia,,,1833,Northern Africa and Western Asia,935,Asia,,902,941,,948,,,,5504,,1859,,,,1500,,5552,Group C – Growing through 2054,Beyond 2100,2071,unknown,,35.6,0.1,0.04,0.05,2023,,,,
183,EUROPE,,908,,,150,2,Geographic region,1840,,,,,,,,,,,,,,,,,,,,,,,,,,5536,Group A – Peaked by 2024,2020,,,,,,,,,,,,
184,Eastern Europe,,923,   ,,151,3,Subregion,908,,,,,,,,,,,,,,,,,,,,,,,,,,5536,Group A – Peaked by 2024,1992,,,,,,,,,,,,
185,Belarus,,112,BLR,BY,112,4,Country/Area,923,   900,923,Eastern Europe,917,Europe,1829,Europe and Northern America,908,Europe,901,,,,,,,5503,,,1859,1517,1502,,,,5536,Group A – Peaked by 2024,1994,,,,,0.5,0.38,0.44,2022,,,,
186,Bulgaria,,100,BGR,BG,100,4,Country/Area,923,   900,923,Eastern Europe,917,Europe,1829,Europe and Northern America,908,Europe,901,,,,,,,5503,,,1859,1517,1502,,,,5536,Group A – Peaked by 2024,1989,,,,,0.2,0.03,0.10,2023,,,,
187,Czechia,,203,CZE,CZ,203,4,Country/Area,923,   900,923,Eastern Europe,917,Europe,1829,Europe and Northern America,908,Europe,901,,,,,,,5503,,1503,,,,,,,5536,Group A – Peaked by 2024,2023,,,,,0.1,0.02,0.07,2023,,,,
188,Hungary,,348,HUN,HU,348,4,Country/Area,923,   900,923,Eastern Europe,917,Europe,1829,Europe and Northern America,908,Europe,901,,,,,,,5503,,1503,,,,,,,5536,Group A – Peaked by 2024,1980,,,,,0.1,0.02,0.06,2021,,,,
189,Poland,,616,POL,PL,616,4,Country/Area,923,   900,923,Eastern Europe,917,Europe,1829,Europe and Northern America,908,Europe,901,,,,,,,5503,,1503,,,,,,,5536,Group A – Peaked by 2024,2023,,,,,0.1,0.05,0.08,2022,,,,
190,Republic of Moldova,14,498,MDA,MD,498,4,Country/Area,923,   900,923,Eastern Europe,917,Europe,1829,Europe and Northern America,908,Europe,901,,,,,1636,,5503,,,1859,1517,1502,,,,5536,Group A – Peaked by 2024,1992,,,,,1.2,0.62,0.89,2023,,Yes,,
191,Romania,,642,ROU,RO,642,4,Country/Area,923,   900,923,Eastern Europe,917,Europe,1829,Europe and Northern America,908,Europe,901,,,,,,,5503,,1503,,,,,,,5536,Group A – Peaked by 2024,1991,,,,,0.2,0.12,0.15,2021,,,,
192,Russian Federation,,643,RUS,RU,643,4,Country/Area,923,   900,923,Eastern Europe,917,Europe,1829,Europe and Northern America,908,Europe,901,,,,,,,5503,,,1859,1517,1502,,,,5536,Group A – Peaked by 2024,1992,,,,,2.6,1.25,1.92,2023,,Yes,,
193,Slovakia,,703,SVK,SK,703,4,Country/Area,923,   900,923,Eastern Europe,917,Europe,1829,Europe and Northern America,908,Europe,901,,,,,,,5503,,1503,,,,,,,5536,Group A – Peaked by 2024,2024,,,,,0.1,0.02,0.04,2023,,,,
194,Ukraine,15,804,UKR,UA,804,4,Country/Area,923,   900,923,Eastern Europe,917,Europe,1829,Europe and Northern America,908,Europe,901,,,,,,,,5504,,1859,1517,,1501,,,5536,Group A – Peaked by 2024,1993,,,,,1.0,0.96,0.99,2023,,Yes,,
195,Northern Europe,,924,   ,,154,3,Subregion,908,,,,,,,,,,,,,,,,,,,,,,,,,,5552,Group C – Growing through 2054,2055,2030,unknown,45.0,72.5,,,,,,,,
196,Denmark,16,208,DNK,DK,208,4,Country/Area,924,   900,924,Northern Europe,917,Europe,1829,Europe and Northern America,908,Europe,901,,,,,,,5503,,1503,,,,,,,5544,Group B – Peaking between 2025 and 2054,2043,2026,unknown,38.7,76.0,0.2,0.08,0.13,2005,,,,
197,Estonia,,233,EST,EE,233,4,Country/Area,924,   900,924,Northern Europe,917,Europe,1829,Europe and Northern America,908,Europe,901,,,,,,,5503,,1503,,,,,,,5536,Group A – Peaked by 2024,1991,,,,,0.9,0.68,0.81,2014,,,,
198,Faroe Islands,17,234,FRO,FO,234,4,Country/Area,924,   900,924,Northern Europe,917,Europe,1829,Europe and Northern America,908,Europe,901,,,,,,,5503,,1503,,,,,,,5552,Group C – Growing through 2054,2079,2026,unknown,53.0,80.4,,,,,,,,Yes
199,Finland,18,246,FIN,FI,246,4,Country/Area,924,   900,924,Northern Europe,917,Europe,1829,Europe and Northern America,908,Europe,901,,,,,,,5503,,1503,,,,,,,5544,Group B – Peaking between 2025 and 2054,2026,2025,unknown,40.5,83.8,0.1,0.05,0.09,2023,,,,
200,Guernsey,19,831,GGY,GG,831,4,Country/Area,924,   900,924,Northern Europe,917,Europe,1829,Europe and Northern America,908,Europe,901,,,,,,,5503,,1503,,,,,,,5544,Group B – Peaking between 2025 and 2054,2031,2024,unknown,37.6,89.6,,,,,,,,Yes
201,Iceland,,352,ISL,IS,352,4,Country/Area,924,   900,924,Northern Europe,917,Europe,1829,Europe and Northern America,908,Europe,901,,,,,,,5503,,1503,,,,,,,5544,Group B – Peaking between 2025 and 2054,2050,2027,unknown,43.2,90.4,0.2,0.07,0.11,2023,,,,
202,Ireland,,372,IRL,IE,372,4,Country/Area,924,   900,924,Northern Europe,917,Europe,1829,Europe and Northern America,908,Europe,901,,,,,,,5503,,1503,,,,,,,5544,Group B – Peaking between 2025 and 2054,2053,2026,unknown,41.8,82.0,0.3,0.13,0.23,2023,,,,
203,Isle of Man,19,833,IMN,IM,833,4,Country/Area,924,   900,924,Northern Europe,917,Europe,1829,Europe and Northern America,908,Europe,901,,,,,,,5503,,1503,,,,,,,5536,Group A – Peaked by 2024,2012,,,,,,,,,,,,Yes
204,Jersey,19,832,JEY,JE,832,4,Country/Area,924,   900,924,Northern Europe,917,Europe,1829,Europe and Northern America,908,Europe,901,,,,,,,5503,,1503,,,,,,,5544,Group B – Peaking between 2025 and 2054,2043,2024,unknown,41.3,73.3,,,,,,,,
205,Latvia,,428,LVA,LV,428,4,Country/Area,924,   900,924,Northern Europe,917,Europe,1829,Europe and Northern America,908,Europe,901,,,,,,,5503,,1503,,,,,,,5536,Group A – Peaked by 2024,1990,,,,,0.9,0.46,0.69,2022,,,,
206,Lithuania,,440,LTU,LT,440,4,Country/Area,924,   900,924,Northern Europe,917,Europe,1829,Europe and Northern America,908,Europe,901,,,,,,,5503,,1503,,,,,,,5536,Group A – Peaked by 2024,1992,,,,,0.3,0.10,0.22,2023,,,,
207,Norway,20,578,NOR,NO,578,4,Country/Area,924,   900,924,Northern Europe,917,Europe,1829,Europe and Northern America,908,Europe,901,,,,,,,5503,,1503,,,,,,,5544,Group B – Peaking between 2025 and 2054,2051,2027,unknown,45.2,73.8,0.1,0.09,0.12,2008,,,,
208,Sweden,,752,SWE,SE,752,4,Country/Area,924,   900,924,Northern Europe,917,Europe,1829,Europe and Northern America,908,Europe,901,,,,,,,5503,,1503,,,,,,,5552,Group C – Growing through 2054,2080,2027,unknown,52.9,67.8,0.1,0.08,0.11,2016,,,,
209,United Kingdom,21,826,GBR,GB,826,4,Country/Area,924,   900,924,Northern Europe,917,Europe,1829,Europe and Northern America,908,Europe,901,,,,,,,5503,,1503,,,,,,,5552,Group C – Growing through 2054,2073,2030,unknown,50.6,70.6,0.3,0.14,0.22,2015,,,,
210,Southern Europe,,925,   ,,39,3,Subregion,908,,,,,,,,,,,,,,,,,,,,,,,,,,5536,Group A – Peaked by 2024,2012,,,,,,,,,,,,
211,Albania,,8,ALB,AL,8,4,Country/Area,925,   900,925,Southern Europe,917,Europe,1829,Europe and Northern America,908,Europe,901,,,,,,,5503,,,1859,1517,1502,,,,5536,Group A – Peaked by 2024,1992,,,,,0.1,0.04,0.07,2023,,,,
212,Andorra,,20,AND,AD,20,4,Country/Area,925,   900,925,Southern Europe,917,Europe,1829,Europe and Northern America,908,Europe,901,,,,,,,5503,,1503,,,,,,,5544,Group B – Peaking between 2025 and 2054,2036,2009,unknown,36.0,91.1,,,,,,,,Yes
213,Bosnia and Herzegovina,,70,BIH,BA,70,4,Country/Area,925,   900,925,Southern Europe,917,Europe,1829,Europe and Northern America,908,Europe,901,,,,,,,5503,,,1859,1517,1502,,,,5536,Group A – Peaked by 2024,1992,,,,,0.0,0.01,0.03,2023,,,,
214,Croatia,,191,HRV,HR,191,4,Country/Area,925,   900,925,Southern Europe,917,Europe,1829,Europe and Northern America,908,Europe,901,,,,,,,5503,,1503,,,,,,,5536,Group A – Peaked by 2024,1991,,,,,0.1,0.01,0.07,2023,,,,
215,Gibraltar,19,292,GIB,GI,292,4,Country/Area,925,   900,925,Southern Europe,917,Europe,1829,Europe and Northern America,908,Europe,901,,,,,,,5503,,1503,,,,,,,5552,Group C – Growing through 2054,2070,2030,unknown,48.2,73.4,,,,,,,,Yes
216,Greece,,300,GRC,GR,300,4,Country/Area,925,   900,925,Southern Europe,917,Europe,1829,Europe and Northern America,908,Europe,901,,,,,,,5503,,1503,,,,,,,5536,Group A – Peaked by 2024,2011,,,,,0.4,0.08,0.22,2023,,,,
217,Holy See,22,336,VAT,VA,336,4,Country/Area,925,   900,925,Southern Europe,917,Europe,1829,Europe and Northern America,908,Europe,901,,,,,,,,,,,,,,,1518,5552,Group C – Growing through 2054,Beyond 2100,1965,unknown,,54.1,,,,,,,Yes,Yes
218,Italy,,380,ITA,IT,380,4,Country/Area,925,   900,925,Southern Europe,917,Europe,1829,Europe and Northern America,908,Europe,901,,,,,,,5503,,1503,,,,,,,5536,Group A – Peaked by 2024,2014,,,,,0.4,0.15,0.26,2012,,,,
219,Kosovo (under UNSC res. 1244),23,412,XKX,XK,412,4,Country/Area,925,   900,925,Southern Europe,917,Europe,1829,Europe and Northern America,908,Europe,901,,,,,,,5503,,,1859,1517,1502,,,,5536,Group A – Peaked by 2024,1998,,,,,,,,,,,,
220,Malta,,470,MLT,MT,470,4,Country/Area,925,   900,925,Southern Europe,917,Europe,1829,Europe and Northern America,908,Europe,901,,,,,,,5503,,1503,,,,,,,5544,Group B – Peaking between 2025 and 2054,2034,2026,unknown,39.7,87.8,0.4,0.12,0.26,2023,,,,
221,Montenegro,,499,MNE,ME,499,4,Country/Area,925,   900,925,Southern Europe,917,Europe,1829,Europe and Northern America,908,Europe,901,,,,,,,5503,,,1859,1517,1502,,,,5536,Group A – Peaked by 2024,2024,,,,,0.2,0.03,0.13,2023,,,,
222,North Macedonia,,807,MKD,MK,807,4,Country/Area,925,   900,925,Southern Europe,917,Europe,1829,Europe and Northern America,908,Europe,901,,,,,1636,,5503,,,1859,1517,1502,,,,5536,Group A – Peaked by 2024,2006,,,,,0.1,0.01,0.05,2023,,,,
223,Portugal,,620,PRT,PT,620,4,Country/Area,925,   900,925,Southern Europe,917,Europe,1829,Europe and Northern America,908,Europe,901,,,,,,,5503,,1503,,,,,,,5536,Group A – Peaked by 2024,2010,,,,,0.9,0.37,0.62,2012,,,,
224,San Marino,,674,SMR,SM,674,4,Country/Area,925,   900,925,Southern Europe,917,Europe,1829,Europe and Northern America,908,Europe,901,,,,,,,5503,,1503,,,,,,,5536,Group A – Peaked by 2024,2021,,,,,,,,,,,,Yes
225,Serbia,24,688,SRB,RS,688,4,Country/Area,925,   900,925,Southern Europe,917,Europe,1829,Europe and Northern America,908,Europe,901,,,,,,,5503,,,1859,1517,1502,,,,5536,Group A – Peaked by 2024,1988,,,,,0.1,0.02,0.08,2023,,,,
226,Slovenia,,705,SVN,SI,705,4,Country/Area,925,   900,925,Southern Europe,917,Europe,1829,Europe and Northern America,908,Europe,901,,,,,,,5503,,1503,,,,,,,5536,Group A – Peaked by 2024,2024,,,,,0.1,0.01,0.05,2012,,,,
227,Spain,25,724,ESP,ES,724,4,Country/Area,925,   900,925,Southern Europe,917,Europe,1829,Europe and Northern America,908,Europe,901,,,,,,,5503,,1503,,,,,,,5536,Group A – Peaked by 2024,2024,,,,,0.7,0.17,0.42,1997,,,,
228,Western Europe,,926,   ,,155,3,Subregion,908,,,,,,,,,,,,,,,,,,,,,,,,,,5544,Group B – Peaking between 2025 and 2054,2025,2024,unknown,23.7,80.1,,,,,,,,
229,Austria,,40,AUT,AT,40,4,Country/Area,926,   900,926,Western Europe,917,Europe,1829,Europe and Northern America,908,Europe,901,,,,,,,5503,,1503,,,,,,,5536,Group A – Peaked by 2024,2023,,,,,0.2,0.05,0.11,2013,,,,
230,Belgium,,56,BEL,BE,56,4,Country/Area,926,   900,926,Western Europe,917,Europe,1829,Europe and Northern America,908,Europe,901,,,,,,,5503,,1503,,,,,,,5544,Group B – Peaking between 2025 and 2054,2045,2024,unknown,48.8,78.2,0.2,0.16,0.20,2015,,,,
231,France,26,250,FRA,FR,250,4,Country/Area,926,   900,926,Western Europe,917,Europe,1829,Europe and Northern America,908,Europe,901,,,,,,,5503,,1503,,,,,,,5552,Group C – Growing through 2054,2096,2025,unknown,58.9,62.0,0.5,0.26,0.36,2017,,,,
232,Germany,,276,DEU,DE,276,4,Country/Area,926,   900,926,Western Europe,917,Europe,1829,Europe and Northern America,908,Europe,901,,,,,,,5503,,1503,,,,,,,5536,Group A – Peaked by 2024,2024,,,,,0.2,0.05,0.14,2022,,,,
233,Liechtenstein,,438,LIE,LI,438,4,Country/Area,926,   900,926,Western Europe,917,Europe,1829,Europe and Northern America,908,Europe,901,,,,,,,5503,,1503,,,,,,,5552,Group C – Growing through 2054,2100,2028,unknown,60.3,61.4,,,,,,,,Yes
234,Luxembourg,,442,LUX,LU,442,4,Country/Area,926,   900,926,Western Europe,917,Europe,1829,Europe and Northern America,908,Europe,901,,,,,,,5503,,1503,,,,,,,5552,Group C – Growing through 2054,2062,2029,unknown,44.8,70.5,0.3,0.15,0.23,2021,,,,
235,Monaco,,492,MCO,MC,492,4,Country/Area,926,   900,926,Western Europe,917,Europe,1829,Europe and Northern America,908,Europe,901,,,,,,,5503,,1503,,,,,,,5552,Group C – Growing through 2054,Beyond 2100,2023,unknown,,53.9,,,,,,,,Yes
236,Netherlands,27,528,NLD,NL,528,4,Country/Area,926,   900,926,Western Europe,917,Europe,1829,Europe and Northern America,908,Europe,901,,,,,,,5503,,1503,,,,,,,5544,Group B – Peaking between 2025 and 2054,2042,2028,unknown,38.8,79.3,0.3,0.08,0.19,2013,,,,
237,Switzerland,,756,CHE,CH,756,4,Country/Area,926,   900,926,Western Europe,917,Europe,1829,Europe and Northern America,908,Europe,901,,,,,,,5503,,1503,,,,,,,5544,Group B – Peaking between 2025 and 2054,2052,2025,unknown,42.5,70.5,0.3,0.13,0.23,2012,,,,
238,AMERICAS,28,5505,,,19,2,Geographic region,1840,,,,,,,,,,,,,,,,,,,,,,,,,,5552,Group C – Growing through 2054,2060,2044,unknown,48.0,90.8,,,,,,,,
239,LATIN AMERICA AND THE CARIBBEAN,,904,,,419,2,Geographic region,5505,,,,,,,,,,,,,,,,,,,,,,,,,,5544,Group B – Peaking between 2025 and 2054,2053,2043,2072,42.7,99.3,,,,,,,,
240,Caribbean,,915,   ,,29,3,Subregion,904,,,,,,,,,,,,,,,,,,,,,,,,,,5544,Group B – Peaking between 2025 and 2054,2045,2030,unknown,48.0,96.6,,,,,,,,
241,Anguilla,19,660,AIA,AI,660,4,Country/Area,915,   900,915,Caribbean,,,1830,Latin America and the Caribbean,904,Latin America and the Caribbean,,902,,934,948,,1637,,,,,,,,,1518,5544,Group B – Peaking between 2025 and 2054,2036,2021,unknown,39.1,96.8,,,,,,,,Yes
242,Antigua and Barbuda,,28,ATG,AG,28,4,Country/Area,915,   900,915,Caribbean,,,1830,Latin America and the Caribbean,904,Latin America and the Caribbean,,902,,934,948,,1637,5503,,1503,,,,,,,5544,Group B – Peaking between 2025 and 2054,2039,2024,unknown,40.9,86.7,,,,,,,,
243,Aruba,29,533,ABW,AW,533,4,Country/Area,915,   900,915,Caribbean,,,1830,Latin America and the Caribbean,904,Latin America and the Caribbean,,902,,934,948,,1637,5503,,1503,,,,,,,5544,Group B – Peaking between 2025 and 2054,2026,2024,unknown,25.2,82.0,,,,,,,,
244,Bahamas,,44,BHS,BS,44,4,Country/Area,915,   900,915,Caribbean,,,1830,Latin America and the Caribbean,904,Latin America and the Caribbean,,902,,934,948,,1637,5503,,1503,,,,,,,5544,Group B – Peaking between 2025 and 2054,2050,2025,unknown,41.5,75.3,2.1,1.65,1.88,1998,,Yes,,
245,Barbados,,52,BRB,BB,52,4,Country/Area,915,   900,915,Caribbean,,,1830,Latin America and the Caribbean,904,Latin America and the Caribbean,,902,,934,948,,1637,5503,,1503,,,,,,,5544,Group B – Peaking between 2025 and 2054,2028,2024,unknown,35.4,79.3,1.3,0.99,1.13,2011,,Yes,,
246,"Bonaire, Sint Eustatius and Saba",29,535,BES,BQ,535,4,Country/Area,915,   900,915,Caribbean,,,1830,Latin America and the Caribbean,904,Latin America and the Caribbean,,902,,934,948,,,,,,,,,,,1518,5544,Group B – Peaking between 2025 and 2054,2046,2026,unknown,40.3,86.5,,,,,,,,Yes
247,British Virgin Islands,19,92,VGB,VG,92,4,Country/Area,915,   900,915,Caribbean,,,1830,Latin America and the Caribbean,904,Latin America and the Caribbean,,902,,934,948,,1637,5503,,1503,,,,,,,5544,Group B – Peaking between 2025 and 2054,2039,2024,unknown,41.0,94.7,,,,,,,,Yes
248,Cayman Islands,19,136,CYM,KY,136,4,Country/Area,915,   900,915,Caribbean,,,1830,Latin America and the Caribbean,904,Latin America and the Caribbean,,902,,934,948,,1637,5503,,1503,,,,,,,5552,Group C – Growing through 2054,2098,2029,unknown,58.4,65.7,,,,,,,,Yes
249,Cuba,,192,CUB,CU,192,4,Country/Area,915,   900,915,Caribbean,,,1830,Latin America and the Caribbean,904,Latin America and the Caribbean,,902,,934,948,,1637,5503,,,1859,1517,1502,,,,5536,Group A – Peaked by 2024,2012,,,,,1.0,0.26,0.63,2023,,,,
250,Curaçao,29,531,CUW,CW,531,4,Country/Area,915,   900,915,Caribbean,,,1830,Latin America and the Caribbean,904,Latin America and the Caribbean,,902,,934,948,,1637,5503,,1503,,,,,,,5536,Group A – Peaked by 2024,2019,,,,,,,,,,,,
251,Dominica,,212,DMA,DM,212,4,Country/Area,915,   900,915,Caribbean,,,1830,Latin America and the Caribbean,904,Latin America and the Caribbean,,902,,934,948,,1637,5503,,,1859,1517,1502,,,,5536,Group A – Peaked by 2024,1981,,,,,,,,,,,,Yes
252,Dominican Republic,,214,DOM,DO,214,4,Country/Area,915,   900,915,Caribbean,,,1830,Latin America and the Caribbean,904,Latin America and the Caribbean,,902,,934,948,,1637,5503,,,1859,1517,1502,,,,5552,Group C – Growing through 2054,2061,2037,unknown,49.1,88.4,1.5,1.44,1.47,2000,,Yes,,
253,Grenada,,308,GRD,GD,308,4,Country/Area,915,   900,915,Caribbean,,,1830,Latin America and the Caribbean,904,Latin America and the Caribbean,,902,,934,948,,1637,5503,,,1859,1517,1502,,,,5544,Group B – Peaking between 2025 and 2054,2032,2024,unknown,38.8,79.0,,,,,,,,
254,Guadeloupe,2,312,GLP,GP,312,4,Country/Area,915,   900,915,Caribbean,,,1830,Latin America and the Caribbean,904,Latin America and the Caribbean,,902,,934,948,,1637,,,,,,,,,,5536,Group A – Peaked by 2024,1999,,,,,,,,,,,,
255,Haiti,,332,HTI,HT,332,4,Country/Area,915,   900,915,Caribbean,,,1830,Latin America and the Caribbean,904,Latin America and the Caribbean,,902,941,,948,,1637,,5504,,1859,1517,,1501,,,5552,Group C – Growing through 2054,2076,2048,unknown,47.2,74.7,2.6,2.68,2.60,1995,,Yes,,
256,Jamaica,,388,JAM,JM,388,4,Country/Area,915,   900,915,Caribbean,,,1830,Latin America and the Caribbean,904,Latin America and the Caribbean,,902,,934,948,,1637,5503,,,1859,1517,1502,,,,5536,Group A – Peaked by 2024,2024,,,,,1.8,1.45,1.60,1997,Yes,Yes,,
257,Martinique,2,474,MTQ,MQ,474,4,Country/Area,915,   900,915,Caribbean,,,1830,Latin America and the Caribbean,904,Latin America and the Caribbean,,902,,934,948,,1637,5503,,1503,,,,,,,5536,Group A – Peaked by 2024,1999,,,,,,,,,,,,
258,Montserrat,19,500,MSR,MS,500,4,Country/Area,915,   900,915,Caribbean,,,1830,Latin America and the Caribbean,904,Latin America and the Caribbean,,902,,934,948,,1637,,,,,,,,,1518,5536,Group A – Peaked by 2024,1950,,,,,,,,,,,,Yes
259,Puerto Rico,30,630,PRI,PR,630,4,Country/Area,915,   900,915,Caribbean,,,1830,Latin America and the Caribbean,904,Latin America and the Caribbean,,902,,934,948,,1637,5503,,1503,,,,,,,5536,Group A – Peaked by 2024,2001,,,,,,,,,,,,
260,Saint Barthélemy,2,652,BLM,BL,652,4,Country/Area,915,   900,915,Caribbean,,,1830,Latin America and the Caribbean,904,Latin America and the Caribbean,,902,,934,948,,,5503,,1503,,,,,,,5544,Group B – Peaking between 2025 and 2054,2048,2025,unknown,41.9,85.8,,,,,,,,Yes
261,Saint Kitts and Nevis,,659,KNA,KN,659,4,Country/Area,915,   900,915,Caribbean,,,1830,Latin America and the Caribbean,904,Latin America and the Caribbean,,902,,934,948,,1637,5503,,1503,,,,,,,5536,Group A – Peaked by 2024,1960,,,,,,,,,,,,Yes
262,Saint Lucia,,662,LCA,LC,662,4,Country/Area,915,   900,915,Caribbean,,,1830,Latin America and the Caribbean,904,Latin America and the Caribbean,,902,,934,948,,1637,5503,,,1859,1517,1502,,,,5544,Group B – Peaking between 2025 and 2054,2032,2024,unknown,39.0,81.8,,,,,,,,
263,Saint Martin (French part),2,663,MAF,MF,663,4,Country/Area,915,   900,915,Caribbean,,,1830,Latin America and the Caribbean,904,Latin America and the Caribbean,,902,,934,948,,,5503,,1503,,,,,,,5536,Group A – Peaked by 2024,2014,,,,,,,,,,,,Yes
264,Saint Vincent and the Grenadines,,670,VCT,VC,670,4,Country/Area,915,   900,915,Caribbean,,,1830,Latin America and the Caribbean,904,Latin America and the Caribbean,,902,,934,948,,1637,5503,,,1859,1517,1502,,,,5536,Group A – Peaked by 2024,2001,,,,,,,,,,,,
265,Sint Maarten (Dutch part),29,534,SXM,SX,534,4,Country/Area,915,   900,915,Caribbean,,,1830,Latin America and the Caribbean,904,Latin America and the Caribbean,,902,,934,948,,1637,5503,,1503,,,,,,,5544,Group B – Peaking between 2025 and 2054,2051,2025,unknown,41.5,71.8,,,,,,,,Yes
266,Trinidad and Tobago,,780,TTO,TT,780,4,Country/Area,915,   900,915,Caribbean,,,1830,Latin America and the Caribbean,904,Latin America and the Caribbean,,902,,934,948,,1637,5503,,1503,,,,,,,5544,Group B – Peaking between 2025 and 2054,2028,2024,2097,38.8,97.9,1.4,1.48,1.45,2006,,Yes,,
267,Turks and Caicos Islands,19,796,TCA,TC,796,4,Country/Area,915,   900,915,Caribbean,,,1830,Latin America and the Caribbean,904,Latin America and the Caribbean,,902,,934,948,,1637,5503,,1503,,,,,,,5544,Group B – Peaking between 2025 and 2054,2049,2024,unknown,44.2,77.3,,,,,,,,Yes
268,United States Virgin Islands,30,850,VIR,VI,850,4,Country/Area,915,   900,915,Caribbean,,,1830,Latin America and the Caribbean,904,Latin America and the Caribbean,,902,,934,948,,1637,5503,,1503,,,,,,,5536,Group A – Peaked by 2024,2000,,,,,,,,,,,,Yes
269,Central America,,916,   ,,13,3,Subregion,904,,,,,,,,,,,,,,,,,,,,,,,,,,5552,Group C – Growing through 2054,2064,2045,unknown,45.2,89.4,,,,,,,,
270,Belize,,84,BLZ,BZ,84,4,Country/Area,916,   900,916,Central America,,,1830,Latin America and the Caribbean,904,Latin America and the Caribbean,,902,,934,948,,1637,5503,,,1859,1517,1502,,,,5552,Group C – Growing through 2054,2063,2030,unknown,46.2,79.9,1.6,1.30,1.45,2011,Yes,Yes,,
271,Costa Rica,,188,CRI,CR,188,4,Country/Area,916,   900,916,Central America,,,1830,Latin America and the Caribbean,904,Latin America and the Caribbean,,902,,934,948,,,5503,,,1859,1517,1502,,,,5544,Group B – Peaking between 2025 and 2054,2045,2030,2077,51.2,98.8,0.8,0.13,0.48,2023,,,,
272,El Salvador,,222,SLV,SV,222,4,Country/Area,916,   900,916,Central America,,,1830,Latin America and the Caribbean,904,Latin America and the Caribbean,,902,,934,948,,,5503,,,1859,1517,1502,,,,5544,Group B – Peaking between 2025 and 2054,2048,2024,unknown,45.8,83.4,0.8,0.34,0.56,2011,,,,
273,Guatemala,,320,GTM,GT,320,4,Country/Area,916,   900,916,Central America,,,1830,Latin America and the Caribbean,904,Latin America and the Caribbean,,902,,934,948,,,5503,,,1859,1517,1502,,,,5552,Group C – Growing through 2054,2078,2054,unknown,52.0,78.5,0.6,0.36,0.47,1999,,,,
274,Honduras,,340,HND,HN,340,4,Country/Area,916,   900,916,Central America,,,1830,Latin America and the Caribbean,904,Latin America and the Caribbean,,902,,934,948,,,,5504,,1859,1517,,1501,,,5552,Group C – Growing through 2054,2090,2057,unknown,47.6,63.4,0.9,0.86,0.89,1998,,,,
275,Mexico,,484,MEX,MX,484,4,Country/Area,916,   900,916,Central America,,,1830,Latin America and the Caribbean,904,Latin America and the Caribbean,,902,,934,948,,,5503,,,1859,1517,1502,,,,5552,Group C – Growing through 2054,2059,2036,unknown,47.8,86.8,0.7,0.17,0.43,2023,,,,
276,Nicaragua,,558,NIC,NI,558,4,Country/Area,916,   900,916,Central America,,,1830,Latin America and the Caribbean,904,Latin America and the Caribbean,,902,,934,948,,,,5504,,1859,1517,,1501,,,5552,Group C – Growing through 2054,2072,2045,unknown,48.9,81.6,0.4,0.19,0.27,2019,,,,
277,Panama,,591,PAN,PA,591,4,Country/Area,916,   900,916,Central America,,,1830,Latin America and the Caribbean,904,Latin America and the Caribbean,,902,,934,948,,,5503,,1503,,,,,,,5552,Group C – Growing through 2054,2081,2049,unknown,50.1,70.7,1.4,0.55,1.00,2023,,Yes,,
278,South America,,931,   ,,5,3,Subregion,904,,,,,,,,,,,,,,,,,,,,,,,,,,5544,Group B – Peaking between 2025 and 2054,2049,2038,2077,43.6,98.6,,,,,,,,
279,Argentina,,32,ARG,AR,32,4,Country/Area,931,   900,931,South America,,,1830,Latin America and the Caribbean,904,Latin America and the Caribbean,,902,,934,948,,,5503,,,1859,1517,1502,,,,5544,Group B – Peaking between 2025 and 2054,2050,2032,2098,47.2,98.2,0.5,0.31,0.42,2016,,,,
280,Bolivia (Plurinational State of),,68,BOL,BO,68,4,Country/Area,931,   900,931,South America,,,1830,Latin America and the Caribbean,904,Latin America and the Caribbean,,902,,934,948,1636,,,5504,,1859,1517,,1501,,,5552,Group C – Growing through 2054,2087,2052,unknown,51.2,62.4,0.5,0.23,0.36,2023,,,,
281,Brazil,,76,BRA,BR,76,4,Country/Area,931,   900,931,South America,,,1830,Latin America and the Caribbean,904,Latin America and the Caribbean,,902,,934,948,,,5503,,,1859,1517,1502,,,,5544,Group B – Peaking between 2025 and 2054,2042,2028,2093,47.6,97.9,0.8,0.38,0.58,2023,,,,
282,Chile,,152,CHL,CL,152,4,Country/Area,931,   900,931,South America,,,1830,Latin America and the Caribbean,904,Latin America and the Caribbean,,902,,934,948,,,5503,,1503,,,,,,,5544,Group B – Peaking between 2025 and 2054,2041,2026,unknown,46.6,95.2,1.1,0.21,0.67,2023,,Yes,,
283,Colombia,,170,COL,CO,170,4,Country/Area,931,   900,931,South America,,,1830,Latin America and the Caribbean,904,Latin America and the Caribbean,,902,,934,948,,,5503,,,1859,1517,1502,,,,5544,Group B – Peaking between 2025 and 2054,2051,2031,unknown,45.3,90.8,0.8,0.19,0.46,2022,,,,
284,Ecuador,,218,ECU,EC,218,4,Country/Area,931,   900,931,South America,,,1830,Latin America and the Caribbean,904,Latin America and the Caribbean,,902,,934,948,,,5503,,,1859,1517,1502,,,,5552,Group C – Growing through 2054,2063,2044,unknown,49.3,92.4,0.5,0.28,0.41,2023,,,,
285,Falkland Islands (Malvinas),31,238,FLK,FK,238,4,Country/Area,931,   900,931,South America,,,1830,Latin America and the Caribbean,904,Latin America and the Caribbean,,902,,934,948,,,,,,,,,,,1518,5536,Group A – Peaked by 2024,2018,,,,,,,,,,,,Yes
286,French Guiana,2,254,GUF,GF,254,4,Country/Area,931,   900,931,South America,,,1830,Latin America and the Caribbean,904,Latin America and the Caribbean,,902,,934,948,,,5503,,1503,,,,,,,5552,Group C – Growing through 2054,Beyond 2100,2029,unknown,,54.5,,,,,,,,
287,Guyana,,328,GUY,GY,328,4,Country/Area,931,   900,931,South America,,,1830,Latin America and the Caribbean,904,Latin America and the Caribbean,,902,,934,948,,1637,5503,,1503,,,,,,,5552,Group C – Growing through 2054,2067,2024,unknown,51.4,87.9,1.5,1.51,1.49,2014,,Yes,,
288,Paraguay,,600,PRY,PY,600,4,Country/Area,931,   900,931,South America,,,1830,Latin America and the Caribbean,904,Latin America and the Caribbean,,902,,934,948,1636,,5503,,,1859,1517,1502,,,,5552,Group C – Growing through 2054,2078,2043,unknown,48.9,68.2,0.6,0.31,0.48,2023,,,,
289,Peru,,604,PER,PE,604,4,Country/Area,931,   900,931,South America,,,1830,Latin America and the Caribbean,904,Latin America and the Caribbean,,902,,934,948,,,5503,,,1859,1517,1502,,,,5552,Group C – Growing through 2054,2067,2035,unknown,46.9,86.1,0.9,0.22,0.53,1995,,,,
290,Suriname,,740,SUR,SR,740,4,Country/Area,931,   900,931,South America,,,1830,Latin America and the Caribbean,904,Latin America and the Caribbean,,902,,934,948,,1637,5503,,,1859,1517,1502,,,,5552,Group C – Growing through 2054,2072,2025,unknown,50.9,78.5,1.7,1.49,1.58,2023,,Yes,,
291,Uruguay,,858,URY,UY,858,4,Country/Area,931,   900,931,South America,,,1830,Latin America and the Caribbean,904,Latin America and the Caribbean,,902,,934,948,,,5503,,1503,,,,,,,5536,Group A – Peaked by 2024,2021,,,,,0.8,0.51,0.66,2023,,,,
292,Venezuela (Bolivarian Republic of),,862,VEN,VE,862,4,Country/Area,931,   900,931,South America,,,1830,Latin America and the Caribbean,904,Latin America and the Caribbean,,902,,934,948,,,,,,,,,,,1518,5552,Group C – Growing through 2054,2057,2017,unknown,46.9,84.5,0.9,0.32,0.62,2005,,,,
293,NORTHERN AMERICA,,905,,,21,2,Geographic region,5505,,,,,,,,,,,,,,,,,,,,,,,,,,5552,Group C – Growing through 2054,Beyond 2100,2037,unknown,,44.0,,,,,,,,
294,Bermuda,19,60,BMU,BM,60,4,Country/Area,918,   900,,,918,Northern America,1829,Europe and Northern America,905,Northern America,901,,,,,,1637,5503,,1503,,,,,,,5536,Group A – Peaked by 2024,2022,,,,,,,,,,,,Yes
295,Canada,,124,CAN,CA,124,4,Country/Area,918,   900,,,918,Northern America,1829,Europe and Northern America,905,Northern America,901,,,,,,,5503,,1503,,,,,,,5552,Group C – Growing through 2054,Beyond 2100,2033,unknown,,38.9,0.3,0.10,0.19,2003,,,,
296,Greenland,17,304,GRL,GL,304,4,Country/Area,918,   900,,,918,Northern America,1829,Europe and Northern America,905,Northern America,901,,,,,,,5503,,1503,,,,,,,5536,Group A – Peaked by 2024,2005,,,,,,,,,,,,Yes
297,Saint Pierre and Miquelon,2,666,SPM,PM,666,4,Country/Area,918,   900,,,918,Northern America,1829,Europe and Northern America,905,Northern America,901,,,,,,,5503,,1503,,,,,,,5536,Group A – Peaked by 2024,1995,,,,,,,,,,,,Yes
298,United States of America,32,840,USA,US,840,4,Country/Area,918,   900,,,918,Northern America,1829,Europe and Northern America,905,Northern America,901,,,,,,,5503,,1503,,,,,,,5552,Group C – Growing through 2054,Beyond 2100,2035,unknown,,45.7,0.7,0.22,0.45,2010,,,,
299,OCEANIA,,909,,,9,2,Geographic region,1840,,,,,,,,,,,,,,,,,,,,,,,,,,5552,Group C – Growing through 2054,Beyond 2100,2049,unknown,,33.1,,,,,,,,
300,Australia/New Zealand,,927,   ,,53,3,Subregion,909,,,,,,,,,,,,,,,,,,,,,,,,,,5552,Group C – Growing through 2054,Beyond 2100,2034,unknown,,39.4,,,,,,,,
301,Australia,33,36,AUS,AU,36,4,Country/Area,927,   900,927,Australia/New Zealand,,,927,Australia/New Zealand,909,Oceania,901,,,,,,,5503,,1503,,,,,,,5552,Group C – Growing through 2054,Beyond 2100,2034,unknown,,31.3,0.2,0.03,0.12,2019,,,,
302,New Zealand,34,554,NZL,NZ,554,4,Country/Area,927,   900,927,Australia/New Zealand,,,927,Australia/New Zealand,909,Oceania,901,,,,,,,5503,,1503,,,,,,,5552,Group C – Growing through 2054,2078,2025,unknown,53.6,74.1,0.1,0.03,0.08,2016,,,,
303,Melanesia,,928,   ,,54,3,Subregion,909,,,,,,,,,,,,,,,,,,,,,,,,,,5552,Group C – Growing through 2054,Beyond 2100,2049,unknown,,57.6,,,,,,,,
304,Fiji,,242,FJI,FJ,242,4,Country/Area,928,   900,928,Melanesia,,,1835,Oceania (excluding Australia and New Zealand),909,Oceania,,902,,934,948,,1637,5503,,,1859,1517,1502,,,,5544,Group B – Peaking between 2025 and 2054,2054,2025,unknown,43.8,74.6,0.4,0.36,0.38,2023,,,,
305,New Caledonia,2,540,NCL,NC,540,4,Country/Area,928,   900,928,Melanesia,,,1835,Oceania (excluding Australia and New Zealand),909,Oceania,,902,,934,948,,1637,5503,,1503,,,,,,,5552,Group C – Growing through 2054,2067,2026,unknown,46.0,74.8,,,,,,,,
306,Papua New Guinea,,598,PNG,PG,598,4,Country/Area,928,   900,928,Melanesia,,,1835,Oceania (excluding Australia and New Zealand),909,Oceania,,902,,934,948,,1637,,5504,,1859,1517,,1501,,,5552,Group C – Growing through 2054,Beyond 2100,2043,unknown,,51.7,0.8,1.37,1.06,2023,,Yes,,
307,Solomon Islands,,90,SLB,SB,90,4,Country/Area,928,   900,928,Melanesia,,,1835,Oceania (excluding Australia and New Zealand),909,Oceania,,902,941,,948,,1637,,5504,,1859,1517,,1501,,,5552,Group C – Growing through 2054,Beyond 2100,2050,unknown,,49.5,,,,,,,,
308,Vanuatu,,548,VUT,VU,548,4,Country/Area,928,   900,928,Melanesia,,,1835,Oceania (excluding Australia and New Zealand),909,Oceania,,902,,934,948,,1637,,5504,,1859,1517,,1501,,,5552,Group C – Growing through 2054,Beyond 2100,2061,unknown,,29.5,,,,,,,,
309,Micronesia,,954,   ,,57,3,Subregion,909,,,,,,,,,,,,,,,,,,,,,,,,,,5552,Group C – Growing through 2054,2091,2027,unknown,56.3,71.7,,,,,,,,
310,Guam,30,316,GUM,GU,316,4,Country/Area,954,   900,954,Micronesia,,,1835,Oceania (excluding Australia and New Zealand),909,Oceania,,902,,934,948,,1637,5503,,1503,,,,,,,5552,Group C – Growing through 2054,2091,2026,unknown,54.9,65.2,,,,,,,,
311,Kiribati,,296,KIR,KI,296,4,Country/Area,954,   900,954,Micronesia,,,1835,Oceania (excluding Australia and New Zealand),909,Oceania,,902,941,,948,,1637,,5504,,1859,1517,,1501,,,5552,Group C – Growing through 2054,2100,2034,unknown,68.7,71.2,,,,,,,,
312,Marshall Islands,,584,MHL,MH,584,4,Country/Area,954,   900,954,Micronesia,,,1835,Oceania (excluding Australia and New Zealand),909,Oceania,,902,,934,948,,1637,5503,,,1859,1517,1502,,,,5536,Group A – Peaked by 2024,2011,,,,,,,,,,,,Yes
313,Micronesia (Fed. States of),,583,FSM,FM,583,4,Country/Area,954,   900,954,Micronesia,,,1835,Oceania (excluding Australia and New Zealand),909,Oceania,,902,,934,948,,1637,,5504,,1859,1517,,1501,,,5552,Group C – Growing through 2054,2075,2024,unknown,50.9,70.9,,,,,,,,
314,Nauru,,520,NRU,NR,520,4,Country/Area,954,   900,954,Micronesia,,,1835,Oceania (excluding Australia and New Zealand),909,Oceania,,902,,934,948,,1637,5503,,1503,,,,,,,5552,Group C – Growing through 2054,Beyond 2100,2025,unknown,,69.7,,,,,,,,Yes
315,Northern Mariana Islands,30,580,MNP,MP,580,4,Country/Area,954,   900,954,Micronesia,,,1835,Oceania (excluding Australia and New Zealand),909,Oceania,,902,,934,948,,1637,5503,,1503,,,,,,,5536,Group A – Peaked by 2024,2001,,,,,,,,,,,,Yes
316,Palau,,585,PLW,PW,585,4,Country/Area,954,   900,954,Micronesia,,,1835,Oceania (excluding Australia and New Zealand),909,Oceania,,902,,934,948,,1637,5503,,,1859,1517,1502,,,,5536,Group A – Peaked by 2024,2005,,,,,,,,,,,,Yes
317,Polynesia,35,957,   ,,61,3,Subregion,909,,,,,,1835,,,,,,,,,,,,,,,,,,,,5552,Group C – Growing through 2054,2085,2024,unknown,53.2,64.9,,,,,,,,
318,American Samoa,30,16,ASM,AS,16,4,Country/Area,957,   900,957,Polynesia,,,1835,Oceania (excluding Australia and New Zealand),909,Oceania,,902,,934,948,,1637,5503,,1503,,,,,,,5536,Group A – Peaked by 2024,2002,,,,,,,,,,,,Yes
319,Cook Islands,36,184,COK,CK,184,4,Country/Area,957,   900,957,Polynesia,,,1835,Oceania (excluding Australia and New Zealand),909,Oceania,,902,,934,948,,1637,,,,,,,,,1518,5536,Group A – Peaked by 2024,1972,,,,,,,,,,,,Yes
320,French Polynesia,2,258,PYF,PF,258,4,Country/Area,957,   900,957,Polynesia,,,1835,Oceania (excluding Australia and New Zealand),909,Oceania,,902,,934,948,,1637,5503,,1503,,,,,,,5544,Group B – Peaking between 2025 and 2054,2041,2024,unknown,47.2,94.7,,,,,,,,
321,Niue,36,570,NIU,NU,570,4,Country/Area,957,   900,957,Polynesia,,,1835,Oceania (excluding Australia and New Zealand),909,Oceania,,902,,934,948,,1637,,,,,,,,,1518,5536,Group A – Peaked by 2024,1967,,,,,,,,,,,,Yes
322,Samoa,,882,WSM,WS,882,4,Country/Area,957,   900,957,Polynesia,,,1835,Oceania (excluding Australia and New Zealand),909,Oceania,,902,,934,948,,1637,,5504,,1859,1517,,1501,,,5552,Group C – Growing through 2054,Beyond 2100,2025,unknown,,52.0,,,,,,,,
323,Tokelau,36,772,TKL,TK,772,4,Country/Area,957,   900,957,Polynesia,,,1835,Oceania (excluding Australia and New Zealand),909,Oceania,,902,,934,948,,,,,,,,,,,1518,5552,Group C – Growing through 2054,2082,2029,unknown,53.9,81.7,,,,,,,,Yes
324,Tonga,,776,TON,TO,776,4,Country/Area,957,   900,957,Polynesia,,,1835,Oceania (excluding Australia and New Zealand),909,Oceania,,902,,934,948,,1637,5503,,,1859,1517,1502,,,,5552,Group C – Growing through 2054,2100,2012,unknown,63.3,65.9,,,,,,,,
325,Tuvalu,,798,TUV,TV,798,4,Country/Area,957,   900,957,Polynesia,,,1835,Oceania (excluding Australia and New Zealand),909,Oceania,,902,941,,948,,1637,5503,,,1859,1517,1502,,,,5552,Group C – Growing through 2054,Beyond 2100,2013,unknown,,71.6,,,,,,,,Yes
326,Wallis and Futuna Islands,2,876,WLF,WF,876,4,Country/Area,957,   900,957,Polynesia,,,1835,Oceania (excluding Australia and New Zealand),909,Oceania,,902,,934,948,,,,,,,,,,,1518,5536,Group A – Peaked by 2024,2003,,,,,,,,,,,,Yes
